split	question_id	YN_Acc	F_Strict	F_Lenient	F_MRR	L_P	L_R	L_F1	YN_macroF1	YN_F1_yes	YN_F1_no
13B1_golden_answers	65f7741fc4010b4d78000027	0.0	1.0	1.0	1.0	0.0	0.0	0.0	NA	NA	NA
13B1_golden_answers	67cc973e81b1027333000011	0.0	0.0	0.0	0.0	1.0	0.4	0.5714285714285715	NA	NA	NA
13B1_golden_answers	66301d1d187cba990d000026	1.0	0.0	0.0	0.0	0.0	0.0	0.0	1.0	1.0	NA
13B1_golden_answers	67d3518718b1e36f2e000008	0.0	1.0	1.0	1.0	0.0	0.0	0.0	NA	NA	NA
13B1_golden_answers	662154f0b9f8b89d7e000009	0.0	0.0	0.0	0.0	0.0	0.0	0.0	NA	NA	NA
13B1_golden_answers	67c847f581b1027333000003	1.0	0.0	0.0	0.0	0.0	0.0	0.0	1.0	1.0	NA
13B1_golden_answers	67d7fe2618b1e36f2e000044	0.0	1.0	1.0	1.0	0.0	0.0	0.0	NA	NA	NA
13B1_golden_answers	67d7503018b1e36f2e00003e	0.0	0.0	0.0	0.0	0.375	0.3333333333333333	0.35294117647058826	NA	NA	NA
13B1_golden_answers	67d34fb318b1e36f2e000007	0.0	0.0	0.0	0.0	0.0	0.0	0.0	NA	NA	NA
13B1_golden_answers	662fc277187cba990d000013	0.0	0.0	0.0	0.0	0.0	0.0	0.0	0.0	NA	0.0
13B1_golden_answers	67cddce881b102733300001c	0.0	0.0	0.0	0.0	0.3333333333333333	0.5	0.4	NA	NA	NA
13B1_golden_answers	67d43cd218b1e36f2e000011	0.0	0.0	0.0	0.0	0.5714285714285714	0.23529411764705882	0.3333333333333333	NA	NA	NA
13B1_golden_answers	67d9f6a418b1e36f2e000051	0.0	0.0	0.0	0.0	1.0	0.5	0.6666666666666666	NA	NA	NA
13B1_golden_answers	67d7531018b1e36f2e000041	0.0	0.0	0.0	0.0	1.0	1.0	1.0	NA	NA	NA
13B1_golden_answers	660999a0fdcbea915f00001a	0.0	0.0	0.0	0.0	0.5	0.6666666666666666	0.5714285714285715	NA	NA	NA
13B1_golden_answers	67c7708481b1027333000002	1.0	0.0	0.0	0.0	0.0	0.0	0.0	1.0	NA	1.0
13B1_golden_answers	67d7201b18b1e36f2e00002c	0.0	0.0	0.0	0.0	0.25	0.0625	0.1	NA	NA	NA
13B1_golden_answers	67da148418b1e36f2e000054	0.0	0.0	0.0	0.0	1.0	1.0	1.0	NA	NA	NA
13B1_golden_answers	67d3434d18b1e36f2e000002	0.0	1.0	1.0	1.0	0.0	0.0	0.0	NA	NA	NA
13B1_golden_answers	67cc89fa81b102733300000c	1.0	0.0	0.0	0.0	0.0	0.0	0.0	1.0	1.0	NA
13B1_golden_answers	67d4354518b1e36f2e000010	0.0	0.0	0.0	0.0	0.0	0.0	0.0	NA	NA	NA
13B1_golden_answers	67d74a9b18b1e36f2e00003a	1.0	0.0	0.0	0.0	0.0	0.0	0.0	1.0	1.0	NA
13B1_golden_answers	67d41b8518b1e36f2e00000d	1.0	0.0	0.0	0.0	0.0	0.0	0.0	1.0	1.0	NA
13B1_golden_answers	67cdbe0c81b1027333000019	0.0	0.0	0.0	0.0	0.5	0.4	0.4444444444444445	NA	NA	NA
13B1_golden_answers	67d496ed18b1e36f2e000019	0.0	1.0	1.0	1.0	0.0	0.0	0.0	NA	NA	NA
13B1_golden_answers	67d6bf9a18b1e36f2e000023	0.0	0.0	0.0	0.0	0.1111111111111111	1.0	0.19999999999999998	NA	NA	NA
13B1_golden_answers	67c7392981b1027333000001	0.0	0.0	0.0	0.0	0.5	1.0	0.6666666666666666	NA	NA	NA
13B1_golden_answers	67d34ad518b1e36f2e000005	1.0	0.0	0.0	0.0	0.0	0.0	0.0	1.0	1.0	NA
13B1_golden_answers	67cc9e6381b1027333000016	0.0	0.0	0.0	0.0	0.25	0.2	0.22222222222222224	NA	NA	NA
13B1_golden_answers	67d7fe1718b1e36f2e000043	0.0	0.0	1.0	0.5	0.0	0.0	0.0	NA	NA	NA
13B1_golden_answers	67da131f18b1e36f2e000053	1.0	0.0	0.0	0.0	0.0	0.0	0.0	1.0	1.0	NA
13B1_golden_answers	67d45d5818b1e36f2e000012	0.0	0.0	0.0	0.0	0.0	0.0	0.0	NA	NA	NA
13B1_golden_answers	67cde99581b102733300001f	1.0	0.0	0.0	0.0	0.0	0.0	0.0	1.0	1.0	NA
13B1_golden_answers	67d6bda918b1e36f2e000021	0.0	0.0	0.0	0.0	0.0	0.0	0.0	NA	NA	NA
13B1_golden_answers	67d7506e18b1e36f2e00003f	0.0	0.0	0.0	0.0	0.0	0.0	0.0	NA	NA	NA
13B1_golden_answers	67cec6e781b1027333000021	1.0	0.0	0.0	0.0	0.0	0.0	0.0	1.0	NA	1.0
13B1_golden_answers	67d721d118b1e36f2e000031	1.0	0.0	0.0	0.0	0.0	0.0	0.0	1.0	1.0	NA
13B1_golden_answers	67da0c0f18b1e36f2e000052	0.0	1.0	1.0	1.0	0.0	0.0	0.0	NA	NA	NA
13B1_golden_answers	67d486e118b1e36f2e000015	0.0	0.0	0.0	0.0	0.3333333333333333	0.2	0.25	NA	NA	NA
13B1_golden_answers	67cc9bef81b1027333000013	0.0	1.0	1.0	1.0	0.0	0.0	0.0	NA	NA	NA
13B1_golden_answers	67d430f918b1e36f2e00000f	0.0	0.0	0.0	0.0	0.0	0.0	0.0	NA	NA	NA
13B1_golden_answers	67cc9ca681b1027333000014	0.0	0.0	0.0	0.0	0.14285714285714285	0.2	0.16666666666666666	NA	NA	NA
13B1_golden_answers	67d48f6c18b1e36f2e000017	0.0	1.0	1.0	1.0	0.0	0.0	0.0	NA	NA	NA
13B1_golden_answers	67cf221a81b1027333000022	0.0	0.0	0.0	0.0	0.0	0.0	0.0	NA	NA	NA
13B1_golden_answers	67d6c1bb18b1e36f2e000029	0.0	0.0	0.0	0.0	0.0	0.0	0.0	NA	NA	NA
13B1_golden_answers	67cc94f681b102733300000e	0.0	0.0	0.0	0.0	0.13043478260869565	0.2727272727272727	0.1764705882352941	NA	NA	NA
13B1_golden_answers	67d34e2518b1e36f2e000006	0.0	0.0	0.0	0.0	0.3	0.75	0.4285714285714285	NA	NA	NA
13B1_golden_answers	67cc960381b102733300000f	0.0	0.0	0.0	0.0	0.0	0.0	0.0	NA	NA	NA
13B1_golden_answers	67d751e418b1e36f2e000040	0.0	1.0	1.0	1.0	0.0	0.0	0.0	NA	NA	NA
13B1_golden_answers	67cc97c481b1027333000012	0.0	0.0	0.0	0.0	0.0	0.0	0.0	NA	NA	NA
13B1_golden_answers	67d6b4e218b1e36f2e00001e	1.0	0.0	0.0	0.0	0.0	0.0	0.0	1.0	1.0	NA
13B1_golden_answers	67d4161318b1e36f2e00000a	1.0	0.0	0.0	0.0	0.0	0.0	0.0	1.0	1.0	NA
13B1_golden_answers	67c9e84181b1027333000008	0.0	0.0	0.0	0.0	0.0	0.0	0.0	NA	NA	NA
13B1_golden_answers	67d7203018b1e36f2e00002d	0.0	0.0	0.0	0.0	0.0	0.0	0.0	NA	NA	NA
13B1_golden_answers	67d497c418b1e36f2e00001a	0.0	0.0	0.0	0.0	0.0	0.0	0.0	NA	NA	NA
13B1_golden_answers	67cc826c81b102733300000b	1.0	0.0	0.0	0.0	0.0	0.0	0.0	1.0	NA	1.0
13B1_golden_answers	67d352e918b1e36f2e000009	0.0	0.0	0.0	0.0	0.0	0.0	0.0	NA	NA	NA
13B1_golden_answers	67cc9d4c81b1027333000015	1.0	0.0	0.0	0.0	0.0	0.0	0.0	1.0	1.0	NA
13B1_golden_answers	67d81c7218b1e36f2e00004d	0.0	0.0	0.0	0.0	0.0	0.0	0.0	NA	NA	NA
13B1_golden_answers	67d4903418b1e36f2e000018	0.0	1.0	1.0	1.0	0.0	0.0	0.0	NA	NA	NA
13B1_golden_answers	67d7219018b1e36f2e000030	0.0	0.0	0.0	0.0	0.0	0.0	0.0	NA	NA	NA
13B1_golden_answers	67d74dd718b1e36f2e00003d	0.0	0.0	0.0	0.0	0.6666666666666666	0.8	0.7272727272727272	NA	NA	NA
13B1_golden_answers	67cdbdb981b1027333000018	0.0	0.0	0.0	0.0	0.0	0.0	0.0	NA	NA	NA
13B1_golden_answers	67d7228818b1e36f2e000034	0.0	0.0	0.0	0.0	0.0	0.0	0.0	NA	NA	NA
13B1_golden_answers	67c9e75881b1027333000006	0.0	0.0	0.0	0.0	0.0	0.0	0.0	NA	NA	NA
13B1_golden_answers	67d6c10618b1e36f2e000027	1.0	0.0	0.0	0.0	0.0	0.0	0.0	1.0	NA	1.0
13B2_golden_answers	67dedd6818b1e36f2e000061	0.0	1.0	1.0	1.0	0.0	0.0	0.0	NA	NA	NA
13B2_golden_answers	67e6bf8818b1e36f2e0000c5	0.0	1.0	1.0	1.0	0.0	0.0	0.0	NA	NA	NA
13B2_golden_answers	67e1356018b1e36f2e000070	0.0	1.0	1.0	1.0	0.0	0.0	0.0	NA	NA	NA
13B2_golden_answers	67e28ded18b1e36f2e000080	0.0	1.0	1.0	1.0	0.0	0.0	0.0	NA	NA	NA
13B2_golden_answers	67eaf29c18b1e36f2e0000e0	0.0	0.0	0.0	0.0	0.0	0.0	0.0	NA	NA	NA
13B2_golden_answers	67e6cf7218b1e36f2e0000d1	0.0	0.0	0.0	0.0	1.0	1.0	1.0	NA	NA	NA
13B2_golden_answers	67e5530418b1e36f2e0000aa	1.0	0.0	0.0	0.0	0.0	0.0	0.0	1.0	1.0	NA
13B2_golden_answers	67e0533418b1e36f2e000069	0.0	0.0	0.0	0.0	0.3333333333333333	0.5	0.4	NA	NA	NA
13B2_golden_answers	67e40c0f18b1e36f2e0000a2	0.0	0.0	0.0	0.0	0.0	0.0	0.0	NA	NA	NA
13B2_golden_answers	67eb822e18b1e36f2e0000f1	0.0	1.0	1.0	1.0	0.0	0.0	0.0	NA	NA	NA
13B2_golden_answers	67df18f518b1e36f2e000064	1.0	0.0	0.0	0.0	0.0	0.0	0.0	1.0	NA	1.0
13B2_golden_answers	67e2abdf18b1e36f2e000089	0.0	0.0	0.0	0.0	0.0	0.0	0.0	NA	NA	NA
13B2_golden_answers	67eb70ee18b1e36f2e0000eb	1.0	0.0	0.0	0.0	0.0	0.0	0.0	1.0	NA	1.0
13B2_golden_answers	67e7df6118b1e36f2e0000d8	0.0	1.0	1.0	1.0	0.0	0.0	0.0	NA	NA	NA
13B2_golden_answers	67e6c4dd18b1e36f2e0000ca	0.0	0.0	0.0	0.0	0.6666666666666666	1.0	0.8	NA	NA	NA
13B2_golden_answers	67e85c4318b1e36f2e0000d9	0.0	0.0	0.0	0.0	1.0	0.42857142857142855	0.6	NA	NA	NA
13B2_golden_answers	67e270d318b1e36f2e000075	0.0	0.0	0.0	0.0	0.0	0.0	0.0	NA	NA	NA
13B2_golden_answers	67eb6ea518b1e36f2e0000e9	1.0	0.0	0.0	0.0	0.0	0.0	0.0	1.0	1.0	NA
13B2_golden_answers	67dc452018b1e36f2e00005a	1.0	0.0	0.0	0.0	0.0	0.0	0.0	1.0	1.0	NA
13B2_golden_answers	67e6c2fa18b1e36f2e0000c8	1.0	0.0	0.0	0.0	0.0	0.0	0.0	1.0	NA	1.0
13B2_golden_answers	67cf3f6481b1027333000025	0.0	0.0	0.0	0.0	0.0	0.0	0.0	NA	NA	NA
13B2_golden_answers	67e2b8a818b1e36f2e000091	1.0	0.0	0.0	0.0	0.0	0.0	0.0	1.0	1.0	NA
13B2_golden_answers	67eb713518b1e36f2e0000ed	1.0	0.0	0.0	0.0	0.0	0.0	0.0	1.0	1.0	NA
13B2_golden_answers	67e7db2918b1e36f2e0000d6	0.0	1.0	1.0	1.0	0.0	0.0	0.0	NA	NA	NA
13B2_golden_answers	67e6c3f918b1e36f2e0000c9	0.0	0.0	0.0	0.0	1.0	1.0	1.0	NA	NA	NA
13B2_golden_answers	67decf2a18b1e36f2e00005c	0.0	0.0	0.0	0.0	0.0	0.0	0.0	NA	NA	NA
13B2_golden_answers	67e2b26318b1e36f2e00008c	0.0	0.0	0.0	0.0	0.6666666666666666	0.5	0.5714285714285715	NA	NA	NA
13B2_golden_answers	67df1a1d18b1e36f2e000065	0.0	0.0	0.0	0.0	0.0	0.0	0.0	NA	NA	NA
13B2_golden_answers	67e6be3118b1e36f2e0000c3	0.0	0.0	0.0	0.0	0.0	0.0	0.0	NA	NA	NA
13B2_golden_answers	67eb569718b1e36f2e0000e8	0.0	0.0	0.0	0.0	0.4	0.4	0.4000000000000001	NA	NA	NA
13B2_golden_answers	67e6c9d518b1e36f2e0000cd	0.0	1.0	1.0	1.0	0.0	0.0	0.0	NA	NA	NA
13B2_golden_answers	67e6c6fa18b1e36f2e0000cb	0.0	0.0	0.0	0.0	0.0	0.0	0.0	NA	NA	NA
13B2_golden_answers	67e014c918b1e36f2e000068	0.0	0.0	0.0	0.0	0.0	0.0	0.0	NA	NA	NA
13B2_golden_answers	67eb817c18b1e36f2e0000f0	0.0	1.0	1.0	1.0	0.0	0.0	0.0	NA	NA	NA
13B2_golden_answers	67dede2918b1e36f2e000062	0.0	1.0	1.0	1.0	0.0	0.0	0.0	NA	NA	NA
13B2_golden_answers	67e2849218b1e36f2e00007a	0.0	0.0	0.0	0.0	0.0	0.0	0.0	NA	NA	NA
13B2_golden_answers	67eaf28f18b1e36f2e0000df	0.0	0.0	0.0	0.0	0.5714285714285714	0.5	0.5333333333333333	NA	NA	NA
13B2_golden_answers	67e2944218b1e36f2e000083	0.0	1.0	1.0	1.0	0.0	0.0	0.0	NA	NA	NA
13B2_golden_answers	67e6d06918b1e36f2e0000d2	1.0	0.0	0.0	0.0	0.0	0.0	0.0	1.0	1.0	NA
13B2_golden_answers	67e40a2418b1e36f2e0000a1	0.0	0.0	0.0	0.0	0.14285714285714285	0.1	0.11764705882352941	NA	NA	NA
13B2_golden_answers	67eb55d818b1e36f2e0000e6	1.0	0.0	0.0	0.0	0.0	0.0	0.0	1.0	NA	1.0
13B2_golden_answers	67e69e7918b1e36f2e0000b7	1.0	0.0	0.0	0.0	0.0	0.0	0.0	1.0	1.0	NA
13B2_golden_answers	67ded55318b1e36f2e00005f	1.0	0.0	0.0	0.0	0.0	0.0	0.0	1.0	1.0	NA
13B2_golden_answers	67e40e9418b1e36f2e0000a4	0.0	0.0	0.0	0.0	0.8	0.5714285714285714	0.6666666666666666	NA	NA	NA
13B2_golden_answers	67eb55f418b1e36f2e0000e7	0.0	0.0	0.0	0.0	0.0	0.0	0.0	NA	NA	NA
13B2_golden_answers	67e133f118b1e36f2e00006f	0.0	0.0	0.0	0.0	0.0	0.0	0.0	NA	NA	NA
13B2_golden_answers	67e288d518b1e36f2e00007c	0.0	1.0	1.0	1.0	0.0	0.0	0.0	NA	NA	NA
13B2_golden_answers	67dc41a618b1e36f2e000059	0.0	0.0	0.0	0.0	0.0	0.0	0.0	0.0	NA	0.0
13B2_golden_answers	67e6bdc618b1e36f2e0000c2	0.0	0.0	0.0	0.0	0.0	0.0	0.0	NA	NA	NA
13B2_golden_answers	67cf365781b1027333000023	0.0	0.0	0.0	0.0	0.0	0.0	0.0	NA	NA	NA
13B2_golden_answers	67e2c4b618b1e36f2e000095	0.0	0.0	0.0	0.0	0.0	0.0	0.0	NA	NA	NA
13B2_golden_answers	67e28a8418b1e36f2e00007d	0.0	0.0	0.0	0.0	0.0	0.0	0.0	NA	NA	NA
13B2_golden_answers	67e56b5418b1e36f2e0000ad	0.0	1.0	1.0	1.0	0.0	0.0	0.0	NA	NA	NA
13B2_golden_answers	67e94f4418b1e36f2e0000dc	1.0	0.0	0.0	0.0	0.0	0.0	0.0	1.0	NA	1.0
13B2_golden_answers	67e2cd8b18b1e36f2e000097	0.0	1.0	1.0	1.0	0.0	0.0	0.0	NA	NA	NA
13B2_golden_answers	67eb7cf718b1e36f2e0000ef	0.0	0.0	0.0	0.0	0.6666666666666666	0.6666666666666666	0.6666666666666666	NA	NA	NA
13B2_golden_answers	67e2d99318b1e36f2e00009e	1.0	0.0	0.0	0.0	0.0	0.0	0.0	1.0	1.0	NA
13B2_golden_answers	67e5712e18b1e36f2e0000b2	0.0	1.0	1.0	1.0	0.0	0.0	0.0	NA	NA	NA
13B2_golden_answers	67d1a0de81b102733300002a	0.0	0.0	0.0	0.0	0.25	0.18181818181818182	0.2105263157894737	NA	NA	NA
13B2_golden_answers	67e4165d18b1e36f2e0000a6	0.0	0.0	0.0	0.0	0.0	0.0	0.0	0.0	NA	0.0
13B2_golden_answers	67e6ba8e18b1e36f2e0000bf	0.0	0.0	0.0	0.0	0.0	0.0	0.0	NA	NA	NA
13B2_golden_answers	67e08afd18b1e36f2e00006a	0.0	0.0	0.0	0.0	0.0	0.0	0.0	NA	NA	NA
13B2_golden_answers	67eb86d618b1e36f2e0000f2	1.0	0.0	0.0	0.0	0.0	0.0	0.0	1.0	1.0	NA
13B3_golden_answers	67e6ce6e18b1e36f2e0000cf	0.0	0.0	0.0	0.0	0.0	0.0	0.0	NA	NA	NA
13B3_golden_answers	67e12bc718b1e36f2e00006e	1.0	0.0	0.0	0.0	0.0	0.0	0.0	1.0	1.0	NA
13B3_golden_answers	67fc2f7818b1e36f2e00012c	1.0	0.0	0.0	0.0	0.0	0.0	0.0	1.0	1.0	NA
13B3_golden_answers	67d49e0c18b1e36f2e00001d	0.0	0.0	0.0	0.0	1.0	1.0	1.0	NA	NA	NA
13B3_golden_answers	67e6b34318b1e36f2e0000b9	0.0	0.0	0.0	0.0	0.0	0.0	0.0	NA	NA	NA
13B3_golden_answers	67e0906c18b1e36f2e00006b	0.0	0.0	0.0	0.0	0.0	0.0	0.0	NA	NA	NA
13B3_golden_answers	67fbe2f318b1e36f2e000117	1.0	0.0	0.0	0.0	0.0	0.0	0.0	1.0	1.0	NA
13B3_golden_answers	67f6f13618b1e36f2e0000ff	0.0	0.0	0.0	0.0	0.1111111111111111	0.4	0.1739130434782609	NA	NA	NA
13B3_golden_answers	67e296bc18b1e36f2e000085	0.0	0.0	0.0	0.0	0.0	0.0	0.0	NA	NA	NA
13B3_golden_answers	67e4590e18b1e36f2e0000a9	0.0	1.0	1.0	1.0	0.0	0.0	0.0	NA	NA	NA
13B3_golden_answers	67fafe7318b1e36f2e00010b	1.0	0.0	0.0	0.0	0.0	0.0	0.0	1.0	NA	1.0
13B3_golden_answers	67ed634018b1e36f2e0000fa	0.0	0.0	0.0	0.0	0.0	0.0	0.0	NA	NA	NA
13B3_golden_answers	67fd734e18b1e36f2e00013f	1.0	0.0	0.0	0.0	0.0	0.0	0.0	1.0	1.0	NA
13B3_golden_answers	67e6d1b518b1e36f2e0000d3	0.0	0.0	0.0	0.0	0.0	0.0	0.0	NA	NA	NA
13B3_golden_answers	67e56ff018b1e36f2e0000b1	0.0	0.0	0.0	0.0	1.0	1.0	1.0	NA	NA	NA
13B3_golden_answers	67fc555a18b1e36f2e000131	0.0	0.0	1.0	0.5	0.0	0.0	0.0	NA	NA	NA
13B3_golden_answers	67fbe68c18b1e36f2e00011e	0.0	0.0	0.0	0.0	0.0	0.0	0.0	NA	NA	NA
13B3_golden_answers	67f6f14118b1e36f2e000100	1.0	0.0	0.0	0.0	0.0	0.0	0.0	1.0	1.0	NA
13B3_golden_answers	67d45fbc18b1e36f2e000013	0.0	0.0	0.0	0.0	1.0	1.0	1.0	NA	NA	NA
13B3_golden_answers	67e6c0f618b1e36f2e0000c7	1.0	0.0	0.0	0.0	0.0	0.0	0.0	1.0	1.0	NA
13B3_golden_answers	67fbe1a118b1e36f2e000112	0.0	0.0	0.0	0.0	0.16666666666666666	0.2222222222222222	0.1904761904761905	NA	NA	NA
13B3_golden_answers	67e6b72818b1e36f2e0000bd	0.0	0.0	0.0	0.0	1.0	1.0	1.0	NA	NA	NA
13B3_golden_answers	67daf71018b1e36f2e000057	1.0	0.0	0.0	0.0	0.0	0.0	0.0	1.0	1.0	NA
13B3_golden_answers	67dae2d018b1e36f2e000056	0.0	0.0	0.0	0.0	0.0	0.0	0.0	NA	NA	NA
13B3_golden_answers	67e6cd6a18b1e36f2e0000ce	1.0	0.0	0.0	0.0	0.0	0.0	0.0	1.0	NA	1.0
13B3_golden_answers	67fbe25118b1e36f2e000115	1.0	0.0	0.0	0.0	0.0	0.0	0.0	1.0	1.0	NA
13B3_golden_answers	67fbee9818b1e36f2e000124	0.0	1.0	1.0	1.0	0.0	0.0	0.0	NA	NA	NA
13B3_golden_answers	67f8ea8318b1e36f2e000107	0.0	0.0	0.0	0.0	0.0	0.0	0.0	NA	NA	NA
13B3_golden_answers	67fbe3cf18b1e36f2e00011a	0.0	0.0	0.0	0.0	0.0	0.0	0.0	0.0	NA	0.0
13B3_golden_answers	67d4179618b1e36f2e00000b	0.0	0.0	0.0	0.0	0.3333333333333333	0.6666666666666666	0.4444444444444444	NA	NA	NA
13B3_golden_answers	67e56c7418b1e36f2e0000ae	0.0	0.0	0.0	0.0	0.0	0.0	0.0	NA	NA	NA
13B3_golden_answers	67faf34018b1e36f2e00010a	1.0	0.0	0.0	0.0	0.0	0.0	0.0	1.0	NA	1.0
13B3_golden_answers	67fbe3a518b1e36f2e000119	0.0	0.0	0.0	0.0	0.0	0.0	0.0	NA	NA	NA
13B3_golden_answers	67fd73dd18b1e36f2e000140	0.0	0.0	0.0	0.0	0.5454545454545454	1.0	0.7058823529411764	NA	NA	NA
13B3_golden_answers	67e7d88f18b1e36f2e0000d5	0.0	0.0	0.0	0.0	0.14285714285714285	0.3333333333333333	0.2	NA	NA	NA
13B3_golden_answers	67e5731918b1e36f2e0000b3	0.0	0.0	0.0	0.0	1.0	1.0	1.0	NA	NA	NA
13B3_golden_answers	67f8f45518b1e36f2e000108	0.0	0.0	0.0	0.0	0.0	0.0	0.0	NA	NA	NA
13B3_golden_answers	67fd7a0218b1e36f2e000141	0.0	1.0	1.0	1.0	0.0	0.0	0.0	NA	NA	NA
13B3_golden_answers	67ed4c9018b1e36f2e0000f5	0.0	0.0	0.0	0.0	0.0	0.0	0.0	0.0	NA	0.0
13B3_golden_answers	67fce38c18b1e36f2e000135	0.0	0.0	0.0	0.0	0.6	0.5	0.5454545454545454	NA	NA	NA
13B3_golden_answers	67e6d27518b1e36f2e0000d4	0.0	0.0	0.0	0.0	0.0	0.0	0.0	NA	NA	NA
13B3_golden_answers	67cf3b6381b1027333000024	0.0	0.0	0.0	0.0	0.109375	0.30434782608695654	0.16091954022988506	NA	NA	NA
13B3_golden_answers	67ed57e718b1e36f2e0000f9	0.0	0.0	0.0	0.0	0.0	0.0	0.0	NA	NA	NA
13B3_golden_answers	67fd5d6e18b1e36f2e000139	0.0	1.0	1.0	1.0	0.0	0.0	0.0	NA	NA	NA
13B3_golden_answers	67d01cc581b1027333000026	0.0	0.0	0.0	0.0	0.0	0.0	0.0	0.0	0.0	NA
13B3_golden_answers	67fbe7b818b1e36f2e00011f	1.0	0.0	0.0	0.0	0.0	0.0	0.0	1.0	1.0	NA
13B3_golden_answers	67f6f20618b1e36f2e000103	0.0	1.0	1.0	1.0	0.0	0.0	0.0	NA	NA	NA
13B3_golden_answers	67e573f418b1e36f2e0000b4	1.0	0.0	0.0	0.0	0.0	0.0	0.0	1.0	1.0	NA
13B3_golden_answers	67e3cf4318b1e36f2e0000a0	0.0	0.0	0.0	0.0	0.2	0.14285714285714285	0.16666666666666666	NA	NA	NA
13B3_golden_answers	67fce47a18b1e36f2e000136	1.0	0.0	0.0	0.0	0.0	0.0	0.0	1.0	1.0	NA
13B3_golden_answers	67e4571218b1e36f2e0000a7	1.0	0.0	0.0	0.0	0.0	0.0	0.0	1.0	1.0	NA
13B3_golden_answers	67fc323818b1e36f2e00012d	0.0	1.0	1.0	1.0	0.0	0.0	0.0	NA	NA	NA
13B3_golden_answers	67ded64018b1e36f2e000060	0.0	0.0	0.0	0.0	0.0	0.0	0.0	NA	NA	NA
13B3_golden_answers	67fbe49218b1e36f2e00011b	1.0	0.0	0.0	0.0	0.0	0.0	0.0	1.0	1.0	NA
13B3_golden_answers	67e6bed318b1e36f2e0000c4	0.0	1.0	1.0	1.0	0.0	0.0	0.0	NA	NA	NA
13B3_golden_answers	67ed650c18b1e36f2e0000fe	1.0	0.0	0.0	0.0	0.0	0.0	0.0	1.0	NA	1.0
13B3_golden_answers	67f6f18918b1e36f2e000101	0.0	1.0	1.0	1.0	0.0	0.0	0.0	NA	NA	NA
13B3_golden_answers	67e6c8dd18b1e36f2e0000cc	0.0	0.0	0.0	0.0	1.0	1.0	1.0	NA	NA	NA
13B3_golden_answers	67fb064318b1e36f2e00010d	0.0	0.0	0.0	0.0	0.0	0.0	0.0	NA	NA	NA
13B3_golden_answers	67e2b5fb18b1e36f2e00008e	1.0	0.0	0.0	0.0	0.0	0.0	0.0	1.0	1.0	NA
13B3_golden_answers	67eb701618b1e36f2e0000ea	0.0	0.0	0.0	0.0	0.0	0.0	0.0	NA	NA	NA
13B3_golden_answers	67e6bd0e18b1e36f2e0000c1	0.0	1.0	1.0	1.0	0.0	0.0	0.0	NA	NA	NA
13B3_golden_answers	67d03a2581b1027333000028	1.0	0.0	0.0	0.0	0.0	0.0	0.0	1.0	NA	1.0
13B3_golden_answers	67ed575b18b1e36f2e0000f7	0.0	0.0	0.0	0.0	0.0	0.0	0.0	NA	NA	NA
13B4_golden_answers	67e6cf2618b1e36f2e0000d0	0.0	0.0	0.0	0.0	0.0	0.0	0.0	0.0	NA	0.0
13B4_golden_answers	680d5e47353a4a2e6b000005	0.0	1.0	1.0	1.0	0.0	0.0	0.0	NA	NA	NA
13B4_golden_answers	680f4a68353a4a2e6b000007	1.0	0.0	0.0	0.0	0.0	0.0	0.0	1.0	1.0	NA
13B4_golden_answers	680a083218b1e36f2e00014d	1.0	0.0	0.0	0.0	0.0	0.0	0.0	1.0	1.0	NA
13B4_golden_answers	67e5557c18b1e36f2e0000ac	0.0	0.0	0.0	0.0	0.0	0.0	0.0	NA	NA	NA
13B4_golden_answers	6810fef8353a4a2e6b000016	0.0	0.0	0.0	0.0	0.0	0.0	0.0	NA	NA	NA
13B4_golden_answers	6810cb23353a4a2e6b000012	0.0	0.0	0.0	0.0	0.0	0.0	0.0	NA	NA	NA
13B4_golden_answers	67fe5f0918b1e36f2e000144	0.0	1.0	1.0	1.0	0.0	0.0	0.0	NA	NA	NA
13B4_golden_answers	680a079718b1e36f2e000147	1.0	0.0	0.0	0.0	0.0	0.0	0.0	1.0	NA	1.0
13B4_golden_answers	67e5749b18b1e36f2e0000b5	0.0	0.0	0.0	0.0	1.0	1.0	1.0	NA	NA	NA
13B4_golden_answers	6810f6f0353a4a2e6b000015	1.0	0.0	0.0	0.0	0.0	0.0	0.0	1.0	NA	1.0
13B4_golden_answers	680a237618b1e36f2e000152	1.0	0.0	0.0	0.0	0.0	0.0	0.0	1.0	1.0	NA
13B4_golden_answers	68110110353a4a2e6b000018	1.0	0.0	0.0	0.0	0.0	0.0	0.0	1.0	1.0	NA
13B4_golden_answers	680f4c63353a4a2e6b00000d	0.0	1.0	1.0	1.0	0.0	0.0	0.0	NA	NA	NA
13B4_golden_answers	680a087218b1e36f2e00014f	0.0	0.0	0.0	0.0	0.14285714285714285	0.07692307692307693	0.1	NA	NA	NA
13B4_golden_answers	6810daad353a4a2e6b000013	0.0	0.0	0.0	0.0	0.0	0.0	0.0	NA	NA	NA
13B4_golden_answers	6810c27b353a4a2e6b000010	1.0	0.0	0.0	0.0	0.0	0.0	0.0	1.0	1.0	NA
13B4_golden_answers	680a07a418b1e36f2e000148	0.0	1.0	1.0	1.0	0.0	0.0	0.0	NA	NA	NA
13B4_golden_answers	67fbd58c18b1e36f2e00010e	1.0	0.0	0.0	0.0	0.0	0.0	0.0	1.0	1.0	NA
13B4_golden_answers	67fbe10618b1e36f2e000111	0.0	0.0	0.0	0.0	0.0	0.0	0.0	NA	NA	NA
13B4_golden_answers	680fcb72353a4a2e6b00000e	0.0	0.0	0.0	0.0	1.0	1.0	1.0	NA	NA	NA
13B4_golden_answers	6805568118b1e36f2e000145	0.0	0.0	0.0	0.0	0.5	0.16666666666666666	0.25	NA	NA	NA
13B4_golden_answers	67e26b0b18b1e36f2e000073	1.0	0.0	0.0	0.0	0.0	0.0	0.0	1.0	NA	1.0
13B4_golden_answers	6810db0a353a4a2e6b000014	0.0	0.0	0.0	0.0	0.0	0.0	0.0	NA	NA	NA
13B4_golden_answers	67e2cfcf18b1e36f2e00009a	0.0	0.0	0.0	0.0	0.16666666666666666	0.2	0.1818181818181818	NA	NA	NA
13B4_golden_answers	6810ff8f353a4a2e6b000017	1.0	0.0	0.0	0.0	0.0	0.0	0.0	1.0	NA	1.0
13B4_golden_answers	67fbe21818b1e36f2e000113	0.0	0.0	0.0	0.0	0.1	0.3333333333333333	0.15384615384615383	NA	NA	NA
13B4_golden_answers	67fc20ee18b1e36f2e00012a	1.0	0.0	0.0	0.0	0.0	0.0	0.0	1.0	NA	1.0
13B4_golden_answers	67f8527318b1e36f2e000104	0.0	0.0	0.0	0.0	0.3333333333333333	0.08333333333333333	0.13333333333333333	NA	NA	NA
13B4_golden_answers	680f4ae9353a4a2e6b000009	1.0	0.0	0.0	0.0	0.0	0.0	0.0	1.0	1.0	NA
13B4_golden_answers	67fc1a3818b1e36f2e000129	0.0	0.0	0.0	0.0	0.0	0.0	0.0	NA	NA	NA
13B4_golden_answers	67e285b018b1e36f2e00007b	0.0	0.0	0.0	0.0	0.0	0.0	0.0	NA	NA	NA
13B4_golden_answers	680a07f918b1e36f2e00014a	0.0	1.0	1.0	1.0	0.0	0.0	0.0	NA	NA	NA
13B4_golden_answers	67cdc78381b102733300001a	0.0	0.0	0.0	0.0	0.0	0.0	0.0	NA	NA	NA
13B4_golden_answers	67d7ff2c18b1e36f2e000049	0.0	0.0	0.0	0.0	0.0	0.0	0.0	NA	NA	NA
13B4_golden_answers	680a084018b1e36f2e00014e	1.0	0.0	0.0	0.0	0.0	0.0	0.0	1.0	1.0	NA
13B4_golden_answers	67cde41a81b102733300001d	1.0	0.0	0.0	0.0	0.0	0.0	0.0	1.0	1.0	NA
13B4_golden_answers	67fc546c18b1e36f2e000130	1.0	0.0	0.0	0.0	0.0	0.0	0.0	1.0	1.0	NA
13B4_golden_answers	680a078618b1e36f2e000146	1.0	0.0	0.0	0.0	0.0	0.0	0.0	1.0	NA	1.0
13B4_golden_answers	67d6be8a18b1e36f2e000022	1.0	0.0	0.0	0.0	0.0	0.0	0.0	1.0	1.0	NA
13B4_golden_answers	680bc74618b1e36f2e000155	0.0	0.0	0.0	0.0	0.8	0.6666666666666666	0.7272727272727272	NA	NA	NA
13B4_golden_answers	67f857eb18b1e36f2e000105	1.0	0.0	0.0	0.0	0.0	0.0	0.0	1.0	1.0	NA
13B4_golden_answers	67e291a718b1e36f2e000081	0.0	0.0	0.0	0.0	0.0	0.0	0.0	NA	NA	NA
13B4_golden_answers	67e2958018b1e36f2e000084	1.0	0.0	0.0	0.0	0.0	0.0	0.0	1.0	1.0	NA
13B4_golden_answers	680c174d353a4a2e6b000001	0.0	0.0	0.0	0.0	0.7	0.6363636363636364	0.6666666666666666	NA	NA	NA
13B4_golden_answers	67e0053118b1e36f2e000067	0.0	0.0	0.0	0.0	0.0	0.0	0.0	0.0	NA	0.0
13B4_golden_answers	67e2a8d618b1e36f2e000088	0.0	0.0	0.0	0.0	0.75	0.5	0.6	NA	NA	NA
13B4_golden_answers	680a07ed18b1e36f2e000149	0.0	1.0	1.0	1.0	0.0	0.0	0.0	NA	NA	NA
13B4_golden_answers	67e93f2d18b1e36f2e0000db	0.0	0.0	0.0	0.0	0.0	0.0	0.0	NA	NA	NA
13B4_golden_answers	67e2bde318b1e36f2e000093	1.0	0.0	0.0	0.0	0.0	0.0	0.0	1.0	1.0	NA
13B4_golden_answers	680c137818b1e36f2e000158	0.0	0.0	0.0	0.0	1.0	1.0	1.0	NA	NA	NA
13B4_golden_answers	67ca061181b102733300000a	0.0	0.0	0.0	0.0	0.0	0.0	0.0	NA	NA	NA
13B4_golden_answers	67e26d6218b1e36f2e000074	0.0	0.0	0.0	0.0	0.0	0.0	0.0	NA	NA	NA
13B4_golden_answers	680a21eb18b1e36f2e000150	0.0	1.0	1.0	1.0	0.0	0.0	0.0	NA	NA	NA
13B4_golden_answers	67fa3c5818b1e36f2e000109	0.0	0.0	0.0	0.0	0.0	0.0	0.0	NA	NA	NA
13B4_golden_answers	6810c54b353a4a2e6b000011	0.0	0.0	0.0	0.0	0.2	0.1	0.13333333333333333	NA	NA	NA
13B4_golden_answers	67fd5d6518b1e36f2e000138	0.0	1.0	1.0	1.0	0.0	0.0	0.0	NA	NA	NA
13B4_golden_answers	67fb046e18b1e36f2e00010c	0.0	0.0	0.0	0.0	0.0	0.0	0.0	NA	NA	NA
13B4_golden_answers	680fe1e3353a4a2e6b00000f	1.0	0.0	0.0	0.0	0.0	0.0	0.0	1.0	NA	1.0
13B4_golden_answers	67fbe2ab18b1e36f2e000116	1.0	0.0	0.0	0.0	0.0	0.0	0.0	1.0	1.0	NA
13B4_golden_answers	67eaf14c18b1e36f2e0000de	0.0	0.0	0.0	0.0	0.6	0.42857142857142855	0.5	NA	NA	NA
13B4_golden_answers	67c9e7ee81b1027333000007	1.0	0.0	0.0	0.0	0.0	0.0	0.0	1.0	1.0	NA
13B4_golden_answers	67d71d8f18b1e36f2e00002b	0.0	0.0	0.0	0.0	0.0	0.0	0.0	NA	NA	NA
13B4_golden_answers	67cdb26a81b1027333000017	0.0	0.0	0.0	0.0	0.0	0.0	0.0	NA	NA	NA
13B4_golden_answers	67e2b0a018b1e36f2e00008b	0.0	1.0	1.0	1.0	0.0	0.0	0.0	NA	NA	NA
13B4_golden_answers	67e090be18b1e36f2e00006c	1.0	0.0	0.0	0.0	0.0	0.0	0.0	1.0	1.0	NA
13B4_golden_answers	67d7fded18b1e36f2e000042	0.0	0.0	0.0	0.0	0.0	0.0	0.0	NA	NA	NA
training14b_10pct_sample_answers	535d292a9a4572de6f000003	1.0	0.0	0.0	0.0	0.0	0.0	0.0	1.0	1.0	NA
training14b_10pct_sample_answers	55262a9787ecba3764000009	1.0	0.0	0.0	0.0	0.0	0.0	0.0	1.0	1.0	NA
training14b_10pct_sample_answers	53061af558348c0f52000002	0.0	0.0	0.0	0.0	0.0	0.0	0.0	NA	NA	NA
training14b_10pct_sample_answers	5505edac8e1671127b000005	0.0	1.0	1.0	1.0	0.0	0.0	0.0	NA	NA	NA
training14b_10pct_sample_answers	56e2cec751531f7e33000015	0.0	0.0	0.0	0.0	0.0	0.0	0.0	NA	NA	NA
training14b_10pct_sample_answers	54ede8c594afd61504000009	0.0	0.0	0.0	0.0	0.0	0.0	0.0	NA	NA	NA
training14b_10pct_sample_answers	56c6dd275795f9a73e000008	0.0	0.0	0.0	0.0	0.0	0.0	0.0	NA	NA	NA
training14b_10pct_sample_answers	56c1f03bef6e394741000053	0.0	0.0	0.0	0.0	0.0	0.0	0.0	NA	NA	NA
training14b_10pct_sample_answers	552fa32fbc4f83e828000001	1.0	0.0	0.0	0.0	0.0	0.0	0.0	1.0	1.0	NA
training14b_10pct_sample_answers	52fa73c62059c6d71c000058	1.0	0.0	0.0	0.0	0.0	0.0	0.0	1.0	1.0	NA
training14b_10pct_sample_answers	553653a5bc4f83e828000007	0.0	0.0	0.0	0.0	0.0	0.0	0.0	NA	NA	NA
training14b_10pct_sample_answers	5168023b298dcd4e51000061	1.0	0.0	0.0	0.0	0.0	0.0	0.0	1.0	1.0	NA
training14b_10pct_sample_answers	5713c4a11174fb1755000013	1.0	0.0	0.0	0.0	0.0	0.0	0.0	1.0	1.0	NA
training14b_10pct_sample_answers	54d77f0e3706e8952800001b	1.0	0.0	0.0	0.0	0.0	0.0	0.0	1.0	1.0	NA
training14b_10pct_sample_answers	56f802ea09dd18d46b000017	0.0	0.0	0.0	0.0	0.0	0.0	0.0	NA	NA	NA
training14b_10pct_sample_answers	56ed14d92ac5ed145900000a	0.0	0.0	0.0	0.0	0.0	0.0	0.0	NA	NA	NA
training14b_10pct_sample_answers	57092332cf1c325851000018	0.0	0.0	0.0	0.0	0.0	0.0	0.0	NA	NA	NA
training14b_10pct_sample_answers	535d3c069a4572de6f000006	0.0	0.0	0.0	0.0	0.0	0.0	0.0	NA	NA	NA
training14b_10pct_sample_answers	55058af6f73303d458000004	0.0	0.0	0.0	0.0	0.0	0.0	0.0	NA	NA	NA
training14b_10pct_sample_answers	55032e65e9bde69634000034	0.0	0.0	0.0	0.0	0.0	0.0	0.0	NA	NA	NA
training14b_10pct_sample_answers	5503263fe9bde69634000030	0.0	0.0	0.0	0.0	0.6666666666666666	0.6666666666666666	0.6666666666666666	NA	NA	NA
training14b_10pct_sample_answers	56d29d4df22319765a000003	0.0	0.0	0.0	0.0	0.8333333333333334	0.625	0.7142857142857143	NA	NA	NA
training14b_10pct_sample_answers	5176c6d08ed59a060a000032	1.0	0.0	0.0	0.0	0.0	0.0	0.0	1.0	1.0	NA
training14b_10pct_sample_answers	530cf4e0c8a0b4a00c000005	0.0	0.0	0.0	0.0	0.14285714285714285	0.25	0.18181818181818182	NA	NA	NA
training14b_10pct_sample_answers	5173bdb38ed59a060a000020	0.0	0.0	0.0	0.0	0.0	0.0	0.0	NA	NA	NA
training14b_10pct_sample_answers	530cefaaad0bf1360c000003	0.0	0.0	0.0	0.0	1.0	1.0	1.0	NA	NA	NA
training14b_10pct_sample_answers	530cefaaad0bf1360c000002	0.0	0.0	0.0	0.0	0.18181818181818182	0.3333333333333333	0.23529411764705885	NA	NA	NA
training14b_10pct_sample_answers	530cefaaad0bf1360c000008	1.0	0.0	0.0	0.0	0.0	0.0	0.0	1.0	1.0	NA
training14b_10pct_sample_answers	530cefaaad0bf1360c000012	0.0	0.0	0.0	0.0	0.0	0.0	0.0	NA	NA	NA
training14b_10pct_sample_answers	54cf705ff693c3b16b000014	0.0	0.0	0.0	0.0	0.3333333333333333	0.3333333333333333	0.3333333333333333	NA	NA	NA
training14b_10pct_sample_answers	55435aeced966d112c000007	0.0	0.0	0.0	0.0	0.0	0.0	0.0	0.0	NA	0.0
training14b_10pct_sample_answers	550342a8f8aee20f27000002	0.0	0.0	0.0	0.0	0.0	0.0	0.0	NA	NA	NA
training14b_10pct_sample_answers	56bdc79bef6e394741000001	0.0	1.0	1.0	1.0	0.0	0.0	0.0	NA	NA	NA
training14b_10pct_sample_answers	54e1252fae9738404b000003	0.0	0.0	0.0	0.0	0.6666666666666666	0.6666666666666666	0.6666666666666666	NA	NA	NA
training14b_10pct_sample_answers	534ebb59288f4dae47000004	0.0	0.0	0.0	0.0	0.0	0.0	0.0	NA	NA	NA
training14b_10pct_sample_answers	54f7291630767eb92e000002	1.0	0.0	0.0	0.0	0.0	0.0	0.0	1.0	1.0	NA
training14b_10pct_sample_answers	5148885ad24251bc05000032	0.0	0.0	0.0	0.0	1.0	0.5833333333333334	0.7368421052631579	NA	NA	NA
training14b_10pct_sample_answers	550c3754a103b78016000007	0.0	0.0	0.0	0.0	0.0	0.0	0.0	NA	NA	NA
training14b_10pct_sample_answers	56cf27293975bb303a000003	1.0	0.0	0.0	0.0	0.0	0.0	0.0	1.0	1.0	NA
training14b_10pct_sample_answers	56e5b445edfc094c1f000001	1.0	0.0	0.0	0.0	0.0	0.0	0.0	1.0	1.0	NA
training14b_10pct_sample_answers	5311ceeae3eabad021000008	1.0	0.0	0.0	0.0	0.0	0.0	0.0	1.0	1.0	NA
training14b_10pct_sample_answers	569e731cca240fa209000003	0.0	0.0	0.0	0.0	0.0	0.0	0.0	NA	NA	NA
training14b_10pct_sample_answers	54f4b319d0d681a040000005	1.0	0.0	0.0	0.0	0.0	0.0	0.0	1.0	1.0	NA
training14b_10pct_sample_answers	56f24fec2ac5ed1459000015	0.0	0.0	0.0	0.0	0.5	0.3333333333333333	0.4	NA	NA	NA
training14b_10pct_sample_answers	5321bc309b2d7acc7e00000d	0.0	0.0	0.0	0.0	0.0	0.0	0.0	NA	NA	NA
training14b_10pct_sample_answers	571cdd227de986d80d00000f	0.0	1.0	1.0	1.0	0.0	0.0	0.0	NA	NA	NA
training14b_10pct_sample_answers	530c7f52970c65fa6b000010	0.0	0.0	0.0	0.0	0.0	0.0	0.0	NA	NA	NA
training14b_10pct_sample_answers	531d744c267d7dd053000009	0.0	0.0	0.0	0.0	0.0	0.0	0.0	NA	NA	NA
training14b_10pct_sample_answers	55241f9e2c8b63434a000004	0.0	0.0	0.0	0.0	0.0	0.0	0.0	NA	NA	NA
training14b_10pct_sample_answers	54ff106b6ad7dcbc1200000c	1.0	0.0	0.0	0.0	0.0	0.0	0.0	1.0	1.0	NA
training14b_10pct_sample_answers	54f431d664850a5854000006	0.0	0.0	0.0	0.0	0.7272727272727273	1.0	0.8421052631578948	NA	NA	NA
training14b_10pct_sample_answers	55376b37bc4f83e82800000b	1.0	0.0	0.0	0.0	0.0	0.0	0.0	1.0	1.0	NA
training14b_10pct_sample_answers	550c3d45a103b78016000008	0.0	1.0	1.0	1.0	0.0	0.0	0.0	NA	NA	NA
training14b_10pct_sample_answers	5717dbfe7de986d80d000001	0.0	1.0	1.0	1.0	0.0	0.0	0.0	NA	NA	NA
training14b_10pct_sample_answers	52bf1af803868f1b06000008	0.0	0.0	0.0	0.0	1.0	0.5	0.6666666666666666	NA	NA	NA
training14b_10pct_sample_answers	550303a5e9bde6963400000c	0.0	0.0	0.0	0.0	0.125	0.14285714285714285	0.13333333333333333	NA	NA	NA
training14b_10pct_sample_answers	530e131b5937551c09000002	1.0	0.0	0.0	0.0	0.0	0.0	0.0	1.0	1.0	NA
training14b_10pct_sample_answers	553f72edab98a37113000007	0.0	0.0	0.0	0.0	0.0	0.0	0.0	NA	NA	NA
training14b_10pct_sample_answers	54d669003706e8952800000e	0.0	0.0	0.0	0.0	0.0	0.0	0.0	NA	NA	NA
training14b_10pct_sample_answers	5339ed7bd6d3ac6a34000060	1.0	0.0	0.0	0.0	0.0	0.0	0.0	1.0	1.0	NA
training14b_10pct_sample_answers	53354eafd6d3ac6a34000044	1.0	0.0	0.0	0.0	0.0	0.0	0.0	1.0	1.0	NA
training14b_10pct_sample_answers	56c1f039ef6e394741000052	0.0	0.0	0.0	0.0	0.0	0.0	0.0	NA	NA	NA
training14b_10pct_sample_answers	5357b5ecf1005d6b58000007	1.0	0.0	0.0	0.0	0.0	0.0	0.0	1.0	1.0	NA
training14b_10pct_sample_answers	5319a7d2b166e2b806000029	0.0	0.0	0.0	0.0	0.0	0.0	0.0	NA	NA	NA
training14b_10pct_sample_answers	5547a01cf35db75526000005	0.0	1.0	1.0	1.0	0.0	0.0	0.0	NA	NA	NA
training14b_10pct_sample_answers	54e12ae3ae9738404b000004	1.0	0.0	0.0	0.0	0.0	0.0	0.0	1.0	1.0	NA
training14b_10pct_sample_answers	554143ad182542114d000004	0.0	0.0	0.0	0.0	0.25	0.2	0.22222222222222224	NA	NA	NA
training14b_10pct_sample_answers	5317606eb166e2b80600000d	1.0	0.0	0.0	0.0	0.0	0.0	0.0	1.0	1.0	NA
training14b_10pct_sample_answers	5319a6e9b166e2b806000023	0.0	0.0	0.0	0.0	0.0	0.0	0.0	NA	NA	NA
training14b_10pct_sample_answers	517a8c238ed59a060a000042	0.0	0.0	0.0	0.0	0.0	0.0	0.0	NA	NA	NA
training14b_10pct_sample_answers	56e68967edfc094c1f000002	1.0	0.0	0.0	0.0	0.0	0.0	0.0	1.0	1.0	NA
training14b_10pct_sample_answers	56d138fe3975bb303a000015	0.0	0.0	0.0	0.0	0.0	0.0	0.0	NA	NA	NA
training14b_10pct_sample_answers	51585b28d24251bc0500008d	0.0	1.0	1.0	1.0	0.0	0.0	0.0	NA	NA	NA
training14b_10pct_sample_answers	517404878ed59a060a000023	1.0	0.0	0.0	0.0	0.0	0.0	0.0	1.0	1.0	NA
training14b_10pct_sample_answers	52f77f752059c6d71c00002b	1.0	0.0	0.0	0.0	0.0	0.0	0.0	1.0	1.0	NA
training14b_10pct_sample_answers	5721f6f90fd6f91b68000012	1.0	0.0	0.0	0.0	0.0	0.0	0.0	1.0	1.0	NA
training14b_10pct_sample_answers	514a1469d24251bc05000056	1.0	0.0	0.0	0.0	0.0	0.0	0.0	1.0	1.0	NA
training14b_10pct_sample_answers	5162c8a8298dcd4e51000047	0.0	0.0	0.0	0.0	0.0	0.0	0.0	NA	NA	NA
training14b_10pct_sample_answers	57136cbf1174fb1755000007	1.0	0.0	0.0	0.0	0.0	0.0	0.0	1.0	1.0	NA
training14b_10pct_sample_answers	516c0e08298dcd4e5100006d	0.0	0.0	0.0	0.0	0.0	0.0	0.0	0.0	NA	0.0
training14b_10pct_sample_answers	5710dd61cf1c32585100002e	1.0	0.0	0.0	0.0	0.0	0.0	0.0	1.0	1.0	NA
training14b_10pct_sample_answers	54c12fd1f693c3b16b000001	1.0	0.0	0.0	0.0	0.0	0.0	0.0	1.0	1.0	NA
training14b_10pct_sample_answers	54f9ae2506d9727f76000002	0.0	0.0	0.0	0.0	0.0	0.0	0.0	NA	NA	NA
training14b_10pct_sample_answers	52f509512059c6d71c000020	0.0	0.0	0.0	0.0	0.0	0.0	0.0	NA	NA	NA
training14b_10pct_sample_answers	530e0d6e5937551c09000001	0.0	0.0	0.0	0.0	0.0	0.0	0.0	NA	NA	NA
training14b_10pct_sample_answers	569e79ecceceede94d000002	0.0	0.0	0.0	0.0	0.0	0.0	0.0	NA	NA	NA
training14b_10pct_sample_answers	54dfc6501388e8454a000009	0.0	0.0	0.0	0.0	0.0	0.0	0.0	NA	NA	NA
training14b_10pct_sample_answers	54d796f93706e8952800001e	1.0	0.0	0.0	0.0	0.0	0.0	0.0	1.0	1.0	NA
training14b_10pct_sample_answers	5323640b9b2d7acc7e000014	0.0	0.0	0.0	0.0	0.0	0.0	0.0	NA	NA	NA
training14b_10pct_sample_answers	56c33e5695c1e7cc5b000001	0.0	0.0	0.0	0.0	0.0	0.0	0.0	NA	NA	NA
training14b_10pct_sample_answers	517170c48ed59a060a00000d	0.0	1.0	1.0	1.0	0.0	0.0	0.0	NA	NA	NA
training14b_10pct_sample_answers	5710e131a5ed216440000001	0.0	1.0	1.0	1.0	0.0	0.0	0.0	NA	NA	NA
training14b_10pct_sample_answers	5319a752b166e2b806000027	1.0	0.0	0.0	0.0	0.0	0.0	0.0	1.0	1.0	NA
training14b_10pct_sample_answers	54e0ac041388e8454a00000f	0.0	0.0	0.0	0.0	0.0	0.0	0.0	NA	NA	NA
training14b_10pct_sample_answers	52ef6da1c8da898910000011	1.0	0.0	0.0	0.0	0.0	0.0	0.0	1.0	1.0	NA
training14b_10pct_sample_answers	533ea8fcc45e133714000010	0.0	1.0	1.0	1.0	0.0	0.0	0.0	NA	NA	NA
training14b_10pct_sample_answers	532f08dcd6d3ac6a3400002a	0.0	0.0	0.0	0.0	0.0	0.0	0.0	0.0	NA	0.0
training14b_10pct_sample_answers	56a8b8b5a17756b72f000005	0.0	0.0	0.0	0.0	0.0	0.0	0.0	NA	NA	NA
training14b_10pct_sample_answers	54f35ad864850a5854000004	0.0	1.0	1.0	1.0	0.0	0.0	0.0	NA	NA	NA
training14b_10pct_sample_answers	5727ab040fd6f91b68000019	0.0	0.0	0.0	0.0	0.0	0.0	0.0	NA	NA	NA
training14b_10pct_sample_answers	550e9d2cb305b40c5c000001	0.0	0.0	0.0	0.0	1.0	1.0	1.0	NA	NA	NA
training14b_10pct_sample_answers	516ec97f298dcd4e51000087	0.0	0.0	0.0	0.0	0.0	0.0	0.0	NA	NA	NA
training14b_10pct_sample_answers	550312b4e9bde6963400001c	0.0	0.0	0.0	0.0	1.0	0.9090909090909091	0.9523809523809523	NA	NA	NA
training14b_10pct_sample_answers	53175e9fb166e2b80600000a	0.0	0.0	0.0	0.0	0.0	0.0	0.0	NA	NA	NA
training14b_10pct_sample_answers	53265dd4d6d3ac6a34000007	0.0	0.0	0.0	0.0	0.0	0.0	0.0	NA	NA	NA
training14b_10pct_sample_answers	5333f728d6d3ac6a34000041	0.0	0.0	0.0	0.0	0.8	0.25806451612903225	0.3902439024390244	NA	NA	NA
training14b_10pct_sample_answers	56fcf1b8cf1c325851000005	0.0	0.0	0.0	0.0	0.0	0.0	0.0	NA	NA	NA
training14b_10pct_sample_answers	5363bad27d100faa0900000e	0.0	0.0	0.0	0.0	1.0	0.25	0.4	NA	NA	NA
training14b_10pct_sample_answers	54d8d60d014675820d000007	0.0	0.0	0.0	0.0	0.6666666666666666	1.0	0.8	NA	NA	NA
training14b_10pct_sample_answers	56d1e23c67f0cb3d66000009	0.0	0.0	0.0	0.0	0.0	0.0	0.0	NA	NA	NA
training14b_10pct_sample_answers	5544de7a5beec11c10000005	0.0	1.0	1.0	1.0	0.0	0.0	0.0	NA	NA	NA
training14b_10pct_sample_answers	5314c7afdae131f84700000a	0.0	0.0	0.0	0.0	0.2	0.3333333333333333	0.25	NA	NA	NA
training14b_10pct_sample_answers	5717ab7ccb4ef8864c00000c	0.0	0.0	0.0	0.0	0.0	0.0	0.0	NA	NA	NA
training14b_10pct_sample_answers	53036faab24d855b11000001	0.0	0.0	0.0	0.0	0.0	0.0	0.0	NA	NA	NA
training14b_10pct_sample_answers	5149b575d24251bc05000047	1.0	0.0	0.0	0.0	0.0	0.0	0.0	1.0	1.0	NA
training14b_10pct_sample_answers	5173eb428ed59a060a000021	0.0	0.0	0.0	0.0	0.13333333333333333	0.5	0.2105263157894737	NA	NA	NA
training14b_10pct_sample_answers	52f21b722059c6d71c00000b	0.0	0.0	0.0	0.0	0.0	0.0	0.0	NA	NA	NA
training14b_10pct_sample_answers	532dcfc9d6d3ac6a34000021	0.0	1.0	1.0	1.0	0.0	0.0	0.0	NA	NA	NA
training14b_10pct_sample_answers	550618f58e1671127b000007	0.0	0.0	0.0	0.0	0.0	0.0	0.0	NA	NA	NA
training14b_10pct_sample_answers	5519a7d5622b194345000015	0.0	1.0	1.0	1.0	0.0	0.0	0.0	NA	NA	NA
training14b_10pct_sample_answers	5147c8a6d24251bc05000027	0.0	1.0	1.0	1.0	0.0	0.0	0.0	NA	NA	NA
training14b_10pct_sample_answers	56c08702ef6e394741000024	0.0	0.0	0.0	0.0	0.6666666666666666	0.5714285714285714	0.6153846153846153	NA	NA	NA
training14b_10pct_sample_answers	56ebfac12ac5ed1459000001	1.0	0.0	0.0	0.0	0.0	0.0	0.0	1.0	NA	1.0
training14b_10pct_sample_answers	550e866271445a662f000005	0.0	0.0	0.0	0.0	0.375	1.0	0.5454545454545454	NA	NA	NA
training14b_10pct_sample_answers	5339edd6d6d3ac6a34000061	0.0	0.0	0.0	0.0	0.0	0.0	0.0	NA	NA	NA
training14b_10pct_sample_answers	56c1f01cef6e394741000044	0.0	0.0	0.0	0.0	0.0	0.0	0.0	NA	NA	NA
training14b_10pct_sample_answers	515c4f1f298dcd4e51000007	0.0	0.0	0.0	0.0	0.14285714285714285	0.16666666666666666	0.15384615384615383	NA	NA	NA
training14b_10pct_sample_answers	5149af96d24251bc05000046	0.0	0.0	0.0	0.0	0.0	0.0	0.0	NA	NA	NA
training14b_10pct_sample_answers	5509bd6a1180f13250000002	0.0	1.0	1.0	1.0	0.0	0.0	0.0	NA	NA	NA
training14b_10pct_sample_answers	530c7fa4970c65fa6b000012	1.0	0.0	0.0	0.0	0.0	0.0	0.0	1.0	1.0	NA
training14b_10pct_sample_answers	56e460d051531f7e33000019	0.0	0.0	0.0	0.0	0.25	0.25	0.25	NA	NA	NA
training14b_10pct_sample_answers	5156be04d24251bc05000085	0.0	0.0	0.0	0.0	0.0	0.0	0.0	NA	NA	NA
training14b_10pct_sample_answers	514a11add24251bc05000054	0.0	0.0	0.0	0.0	1.0	0.5	0.6666666666666666	NA	NA	NA
training14b_10pct_sample_answers	5324ce779b2d7acc7e00001e	0.0	0.0	0.0	0.0	0.0	0.0	0.0	NA	NA	NA
training14b_10pct_sample_answers	54e22b62ae9738404b000011	0.0	0.0	0.0	0.0	1.0	1.0	1.0	NA	NA	NA
training14b_10pct_sample_answers	55242d512c8b63434a000006	0.0	0.0	0.0	0.0	0.0	0.0	0.0	NA	NA	NA
training14b_10pct_sample_answers	550316a6e9bde69634000029	0.0	0.0	0.0	0.0	0.2857142857142857	0.4	0.3333333333333333	NA	NA	NA
training14b_10pct_sample_answers	56ddbbaf51531f7e33000009	0.0	0.0	0.0	0.0	0.0	0.0	0.0	NA	NA	NA
training14b_10pct_sample_answers	55031286e9bde6963400001b	0.0	0.0	0.0	0.0	0.4	0.6666666666666666	0.5	NA	NA	NA
training14b_10pct_sample_answers	52eea4dcc8da89891000000c	0.0	1.0	1.0	1.0	0.0	0.0	0.0	NA	NA	NA
training14b_10pct_sample_answers	534427f8aeec6fbd07000009	0.0	1.0	1.0	1.0	0.0	0.0	0.0	NA	NA	NA
training14b_10pct_sample_answers	518cca6f310faafe0800000a	0.0	0.0	0.0	0.0	0.625	0.3333333333333333	0.43478260869565216	NA	NA	NA
training14b_10pct_sample_answers	52e7870a98d023950500001a	1.0	0.0	0.0	0.0	0.0	0.0	0.0	1.0	1.0	NA
training14b_10pct_sample_answers	550e828c71445a662f000002	0.0	1.0	1.0	1.0	0.0	0.0	0.0	NA	NA	NA
training14b_10pct_sample_answers	5506a7a48e1671127b000008	0.0	0.0	0.0	0.0	1.0	0.75	0.8571428571428571	NA	NA	NA
training14b_10pct_sample_answers	58a8962338c171fb5b000007	1.0	0.0	0.0	0.0	0.0	0.0	0.0	1.0	1.0	NA
training14b_10pct_sample_answers	58a0d87a78275d0c4a000053	1.0	0.0	0.0	0.0	0.0	0.0	0.0	1.0	1.0	NA
training14b_10pct_sample_answers	588fd8f3621ea6ff7e000001	0.0	0.0	0.0	0.0	1.0	1.0	1.0	NA	NA	NA
training14b_10pct_sample_answers	58a45d6060087bc10a00001d	0.0	0.0	0.0	0.0	0.6	1.0	0.7499999999999999	NA	NA	NA
training14b_10pct_sample_answers	58a0da5278275d0c4a000054	0.0	0.0	0.0	0.0	0.0	0.0	0.0	NA	NA	NA
training14b_10pct_sample_answers	5896399978275d0c4a00000b	1.0	0.0	0.0	0.0	0.0	0.0	0.0	1.0	1.0	NA
training14b_10pct_sample_answers	58a1c0f178275d0c4a000056	0.0	0.0	0.0	0.0	0.0	0.0	0.0	NA	NA	NA
training14b_10pct_sample_answers	58a93877ee23e0236b000001	1.0	0.0	0.0	0.0	0.0	0.0	0.0	1.0	1.0	NA
training14b_10pct_sample_answers	5884793ce56acf5176000008	1.0	0.0	0.0	0.0	0.0	0.0	0.0	1.0	1.0	NA
training14b_10pct_sample_answers	588f2de394c1512c50000001	0.0	1.0	1.0	1.0	0.0	0.0	0.0	NA	NA	NA
training14b_10pct_sample_answers	58a1da4e78275d0c4a000059	1.0	0.0	0.0	0.0	0.0	0.0	0.0	1.0	1.0	NA
training14b_10pct_sample_answers	58bc9a5002b8c60953000008	0.0	0.0	0.0	0.0	0.3333333333333333	0.3333333333333333	0.3333333333333333	NA	NA	NA
training14b_10pct_sample_answers	589dee3778275d0c4a000050	0.0	0.0	0.0	0.0	0.3333333333333333	0.5	0.4	NA	NA	NA
training14b_10pct_sample_answers	58a2c77a60087bc10a000002	0.0	0.0	0.0	0.0	0.0	0.0	0.0	NA	NA	NA
training14b_10pct_sample_answers	589185cc621ea6ff7e00000b	0.0	1.0	1.0	1.0	0.0	0.0	0.0	NA	NA	NA
training14b_10pct_sample_answers	589a245878275d0c4a000025	0.0	0.0	0.0	0.0	0.0	0.0	0.0	NA	NA	NA
training14b_10pct_sample_answers	58962ed178275d0c4a000006	0.0	0.0	0.0	0.0	1.0	1.0	1.0	NA	NA	NA
training14b_10pct_sample_answers	588f8e9794c1512c50000005	0.0	1.0	1.0	1.0	0.0	0.0	0.0	NA	NA	NA
training14b_10pct_sample_answers	58cbb55402b8c60953000033	1.0	0.0	0.0	0.0	0.0	0.0	0.0	1.0	1.0	NA
training14b_10pct_sample_answers	587e1a01fc7e8dd84f000001	0.0	1.0	1.0	1.0	0.0	0.0	0.0	NA	NA	NA
training14b_10pct_sample_answers	58cdb41302b8c60953000042	0.0	0.0	0.0	0.0	0.0	0.0	0.0	NA	NA	NA
training14b_10pct_sample_answers	58cdb80302b8c60953000043	1.0	0.0	0.0	0.0	0.0	0.0	0.0	1.0	1.0	NA
training14b_10pct_sample_answers	58ca6d3902b8c6095300002c	0.0	0.0	0.0	0.0	0.0	0.0	0.0	NA	NA	NA
training14b_10pct_sample_answers	58b5320e22d3005309000002	1.0	0.0	0.0	0.0	0.0	0.0	0.0	1.0	1.0	NA
training14b_10pct_sample_answers	589a245a78275d0c4a000026	0.0	0.0	0.0	0.0	1.0	1.0	1.0	NA	NA	NA
training14b_10pct_sample_answers	58adc1ff9ef3c34033000006	0.0	0.0	0.0	0.0	0.0	0.0	0.0	NA	NA	NA
training14b_10pct_sample_answers	58c0836102b8c6095300001c	1.0	0.0	0.0	0.0	0.0	0.0	0.0	1.0	1.0	NA
training14b_10pct_sample_answers	587d2b7efe8a08052f000003	0.0	0.0	0.0	0.0	0.0	0.0	0.0	NA	NA	NA
training14b_10pct_sample_answers	587e0116ae05ffb474000002	0.0	1.0	1.0	1.0	0.0	0.0	0.0	NA	NA	NA
training14b_10pct_sample_answers	58dfe6b56fddd3e83e000004	0.0	0.0	0.0	0.0	0.0	0.0	0.0	NA	NA	NA
training14b_10pct_sample_answers	58dd0dde8acda34529000027	0.0	1.0	1.0	1.0	0.0	0.0	0.0	NA	NA	NA
training14b_10pct_sample_answers	58dbba438acda3452900001c	1.0	0.0	0.0	0.0	0.0	0.0	0.0	1.0	NA	1.0
training14b_10pct_sample_answers	58a6c94860087bc10a00002a	0.0	0.0	0.0	0.0	0.0	0.0	0.0	NA	NA	NA
training14b_10pct_sample_answers	587e1e57fc7e8dd84f000003	1.0	0.0	0.0	0.0	0.0	0.0	0.0	1.0	1.0	NA
training14b_10pct_sample_answers	58e9f0ba3e8b6dc87c00000e	0.0	0.0	0.0	0.0	0.0	0.0	0.0	NA	NA	NA
training14b_10pct_sample_answers	58f0b1d670f9fc6f0f000007	0.0	0.0	0.0	0.0	0.0	0.0	0.0	NA	NA	NA
training14b_10pct_sample_answers	58b6d6f322d300530900000f	0.0	0.0	0.0	0.0	0.6666666666666666	0.5	0.5714285714285715	NA	NA	NA
training14b_10pct_sample_answers	589a245478275d0c4a000022	0.0	0.0	0.0	0.0	0.0	0.0	0.0	0.0	NA	0.0
training14b_10pct_sample_answers	58e74bff3e8b6dc87c000004	0.0	1.0	1.0	1.0	0.0	0.0	0.0	NA	NA	NA
training14b_10pct_sample_answers	58ec72a4eda5a5767200000f	1.0	0.0	0.0	0.0	0.0	0.0	0.0	1.0	NA	1.0
training14b_10pct_sample_answers	58eb9542eda5a57672000007	0.0	0.0	0.0	0.0	0.0	0.0	0.0	NA	NA	NA
training14b_10pct_sample_answers	58f3ca5c70f9fc6f0f00000d	0.0	0.0	0.0	0.0	0.0	0.0	0.0	NA	NA	NA
training14b_10pct_sample_answers	58ea59273e8b6dc87c000012	0.0	0.0	0.0	0.0	0.125	0.3333333333333333	0.18181818181818182	NA	NA	NA
training14b_10pct_sample_answers	58da270d8acda34529000013	1.0	0.0	0.0	0.0	0.0	0.0	0.0	1.0	1.0	NA
training14b_10pct_sample_answers	58f3c4b970f9fc6f0f00000a	0.0	0.0	0.0	0.0	0.0	0.0	0.0	NA	NA	NA
training14b_10pct_sample_answers	5895dfc97d9090f353000010	0.0	0.0	0.0	0.0	0.75	0.75	0.75	NA	NA	NA
training14b_10pct_sample_answers	5896e22078275d0c4a000014	1.0	0.0	0.0	0.0	0.0	0.0	0.0	1.0	1.0	NA
training14b_10pct_sample_answers	5a8866958cb19eca6b000003	1.0	0.0	0.0	0.0	0.0	0.0	0.0	1.0	1.0	NA
training14b_10pct_sample_answers	58ee1cafeda5a57672000014	0.0	0.0	0.0	0.0	0.0	0.0	0.0	0.0	NA	0.0
training14b_10pct_sample_answers	5a76196faacfb9cd4c000001	0.0	0.0	0.0	0.0	1.0	1.0	1.0	NA	NA	NA
training14b_10pct_sample_answers	5a760ed883b0d9ea66000019	1.0	0.0	0.0	0.0	0.0	0.0	0.0	1.0	NA	1.0
training14b_10pct_sample_answers	59bf823b542ba3824b000001	0.0	0.0	0.0	0.0	0.0	0.0	0.0	0.0	0.0	NA
training14b_10pct_sample_answers	5a7357e63b9d13c708000001	1.0	0.0	0.0	0.0	0.0	0.0	0.0	1.0	1.0	NA
training14b_10pct_sample_answers	5a87efa961bb38fb2400000e	1.0	0.0	0.0	0.0	0.0	0.0	0.0	1.0	1.0	NA
training14b_10pct_sample_answers	5a885daa61bb38fb24000018	0.0	0.0	0.0	0.0	0.0	0.0	0.0	NA	NA	NA
training14b_10pct_sample_answers	5a70ce4ab750ff4455000064	0.0	0.0	0.0	0.0	0.5	0.23076923076923078	0.3157894736842105	NA	NA	NA
training14b_10pct_sample_answers	5a857bfffaa1ab7d2e000030	1.0	0.0	0.0	0.0	0.0	0.0	0.0	1.0	1.0	NA
training14b_10pct_sample_answers	5a70ce82b750ff4455000065	0.0	0.0	0.0	0.0	0.0	0.0	0.0	NA	NA	NA
training14b_10pct_sample_answers	5a6e3155b750ff445500003f	0.0	1.0	1.0	1.0	0.0	0.0	0.0	NA	NA	NA
training14b_10pct_sample_answers	5a8965f6fcd1d6a10c000005	0.0	0.0	0.0	0.0	0.0	0.0	0.0	0.0	NA	0.0
training14b_10pct_sample_answers	5a76018c83b0d9ea6600000e	0.0	0.0	0.0	0.0	0.4444444444444444	0.4	0.4210526315789474	NA	NA	NA
training14b_10pct_sample_answers	5a68eabab750ff4455000015	1.0	0.0	0.0	0.0	0.0	0.0	0.0	1.0	1.0	NA
training14b_10pct_sample_answers	5a735cdc3b9d13c708000004	0.0	0.0	0.0	0.0	0.0	0.0	0.0	NA	NA	NA
training14b_10pct_sample_answers	5a68fd01b750ff445500001b	0.0	0.0	0.0	0.0	0.0	0.0	0.0	NA	NA	NA
training14b_10pct_sample_answers	5a6e2578b750ff445500003d	0.0	1.0	1.0	1.0	0.0	0.0	0.0	NA	NA	NA
training14b_10pct_sample_answers	5a6e21b4b750ff445500003a	1.0	0.0	0.0	0.0	0.0	0.0	0.0	1.0	1.0	NA
training14b_10pct_sample_answers	5a8714e261bb38fb24000005	1.0	0.0	0.0	0.0	0.0	0.0	0.0	1.0	NA	1.0
training14b_10pct_sample_answers	5a67c497b750ff4455000012	0.0	1.0	1.0	1.0	0.0	0.0	0.0	NA	NA	NA
training14b_10pct_sample_answers	5a9d30241d1251d03b00001b	1.0	0.0	0.0	0.0	0.0	0.0	0.0	1.0	1.0	NA
training14b_10pct_sample_answers	5a76160a83b0d9ea66000020	0.0	1.0	1.0	1.0	0.0	0.0	0.0	NA	NA	NA
training14b_10pct_sample_answers	5aa4faaed6d6b54f7900000b	1.0	0.0	0.0	0.0	0.0	0.0	0.0	1.0	1.0	NA
training14b_10pct_sample_answers	5aa6c800d6d6b54f79000012	0.0	0.0	0.0	0.0	0.0	0.0	0.0	NA	NA	NA
training14b_10pct_sample_answers	5a733a672dc08e987e000014	1.0	0.0	0.0	0.0	0.0	0.0	0.0	1.0	NA	1.0
training14b_10pct_sample_answers	5aad4b37fcf456587200000a	0.0	0.0	0.0	0.0	0.0	0.0	0.0	NA	NA	NA
training14b_10pct_sample_answers	5a9d96564e03427e73000001	0.0	0.0	0.0	0.0	0.125	0.16666666666666666	0.14285714285714288	NA	NA	NA
training14b_10pct_sample_answers	5a9d99ac4e03427e73000002	0.0	0.0	0.0	0.0	0.0	0.0	0.0	NA	NA	NA
training14b_10pct_sample_answers	58ec6eb5eda5a5767200000c	1.0	0.0	0.0	0.0	0.0	0.0	0.0	1.0	NA	1.0
training14b_10pct_sample_answers	5abcf755fcf4565872000028	0.0	0.0	0.0	0.0	0.0	0.0	0.0	NA	NA	NA
training14b_10pct_sample_answers	5ac725250340b9f058000006	0.0	1.0	1.0	1.0	0.0	0.0	0.0	NA	NA	NA
training14b_10pct_sample_answers	5aac5469fcf4565872000005	0.0	0.0	0.0	0.0	0.2857142857142857	0.2857142857142857	0.2857142857142857	NA	NA	NA
training14b_10pct_sample_answers	5ac09a7b19833b0d7b000001	0.0	0.0	0.0	0.0	0.0	0.0	0.0	NA	NA	NA
training14b_10pct_sample_answers	5aa6800ad6d6b54f79000011	0.0	0.0	0.0	0.0	0.0	0.0	0.0	0.0	NA	0.0
training14b_10pct_sample_answers	5aae6a86fcf456587200000e	0.0	0.0	0.0	0.0	0.0	0.0	0.0	NA	NA	NA
training14b_10pct_sample_answers	5a74eaa50384be955100000b	0.0	0.0	0.0	0.0	0.0	0.0	0.0	NA	NA	NA
training14b_10pct_sample_answers	5ad303970340b9f05800001a	0.0	0.0	0.0	0.0	0.0	0.0	0.0	NA	NA	NA
training14b_10pct_sample_answers	5c5f03371a4c55d80b000009	0.0	0.0	0.0	0.0	0.0	0.0	0.0	NA	NA	NA
training14b_10pct_sample_answers	5c34ac49da8336e21a000006	0.0	0.0	0.0	0.0	0.0	0.0	0.0	NA	NA	NA
training14b_10pct_sample_answers	5be44bef133db5eb78000014	1.0	0.0	0.0	0.0	0.0	0.0	0.0	1.0	1.0	NA
training14b_10pct_sample_answers	5c34794fda8336e21a000001	1.0	0.0	0.0	0.0	0.0	0.0	0.0	1.0	1.0	NA
training14b_10pct_sample_answers	5c644c3de842deac67000018	1.0	0.0	0.0	0.0	0.0	0.0	0.0	1.0	1.0	NA
training14b_10pct_sample_answers	5c5f0d071a4c55d80b000010	0.0	0.0	0.0	0.0	0.0	0.0	0.0	NA	NA	NA
training14b_10pct_sample_answers	5c5f30c91a4c55d80b000025	0.0	0.0	0.0	0.0	0.0	0.0	0.0	NA	NA	NA
training14b_10pct_sample_answers	5c61f379e842deac67000006	0.0	0.0	0.0	0.0	0.0	0.0	0.0	NA	NA	NA
training14b_10pct_sample_answers	5c641179e842deac67000012	0.0	0.0	0.0	0.0	0.0	0.0	0.0	NA	NA	NA
training14b_10pct_sample_answers	5c73ad327c78d69471000097	1.0	0.0	0.0	0.0	0.0	0.0	0.0	1.0	NA	1.0
training14b_10pct_sample_answers	5c6582207c78d69471000001	1.0	0.0	0.0	0.0	0.0	0.0	0.0	1.0	NA	1.0
training14b_10pct_sample_answers	5c662c507c78d6947100000d	1.0	0.0	0.0	0.0	0.0	0.0	0.0	1.0	NA	1.0
training14b_10pct_sample_answers	5c7836dad774d04240000002	1.0	0.0	0.0	0.0	0.0	0.0	0.0	1.0	1.0	NA
training14b_10pct_sample_answers	5c6c46677c78d69471000035	0.0	0.0	0.0	0.0	0.2857142857142857	1.0	0.4444444444444445	NA	NA	NA
training14b_10pct_sample_answers	5c5b4a941a4c55d80b000002	0.0	1.0	1.0	1.0	0.0	0.0	0.0	NA	NA	NA
training14b_10pct_sample_answers	5c5f2cef1a4c55d80b000022	1.0	0.0	0.0	0.0	0.0	0.0	0.0	1.0	NA	1.0
training14b_10pct_sample_answers	5c5723a007647bbc4b000019	1.0	0.0	0.0	0.0	0.0	0.0	0.0	1.0	1.0	NA
training14b_10pct_sample_answers	5c544c1707647bbc4b000003	0.0	0.0	0.0	0.0	0.09090909090909091	0.5	0.15384615384615385	NA	NA	NA
training14b_10pct_sample_answers	5c6b7daa7c78d6947100002b	0.0	0.0	0.0	0.0	0.8	0.8	0.8000000000000002	NA	NA	NA
training14b_10pct_sample_answers	5c5b52731a4c55d80b000003	1.0	0.0	0.0	0.0	0.0	0.0	0.0	1.0	1.0	NA
training14b_10pct_sample_answers	5c65484ee842deac6700001f	1.0	0.0	0.0	0.0	0.0	0.0	0.0	1.0	1.0	NA
training14b_10pct_sample_answers	5c62a276e842deac6700000a	0.0	0.0	0.0	0.0	0.5	1.0	0.6666666666666666	NA	NA	NA
training14b_10pct_sample_answers	5c63286ae842deac6700000e	0.0	0.0	0.0	0.0	0.7	1.0	0.8235294117647058	NA	NA	NA
training14b_10pct_sample_answers	5c72fb4a7c78d69471000082	0.0	0.0	0.0	0.0	0.125	0.3333333333333333	0.18181818181818182	NA	NA	NA
training14b_10pct_sample_answers	5c6d6b377c78d69471000039	0.0	0.0	0.0	0.0	0.1	0.5	0.16666666666666669	NA	NA	NA
training14b_10pct_sample_answers	5c7d5fcfd774d04240000011	0.0	0.0	0.0	0.0	0.0	0.0	0.0	NA	NA	NA
training14b_10pct_sample_answers	5c8fee200101eac87000000f	0.0	0.0	0.0	0.0	0.0	0.0	0.0	NA	NA	NA
training14b_10pct_sample_answers	5c6ad2997c78d69471000020	0.0	1.0	1.0	1.0	0.0	0.0	0.0	NA	NA	NA
training14b_10pct_sample_answers	5c8fef490101eac870000010	0.0	0.0	0.0	0.0	0.0	0.0	0.0	NA	NA	NA
training14b_10pct_sample_answers	5c9158a5ecadf2e73f000008	0.0	0.0	0.0	0.0	0.8	0.8	0.8000000000000002	NA	NA	NA
training14b_10pct_sample_answers	5ca61176ecadf2e73f00004e	1.0	0.0	0.0	0.0	0.0	0.0	0.0	1.0	1.0	NA
training14b_10pct_sample_answers	5c990241ecadf2e73f00002d	0.0	0.0	1.0	0.5	0.0	0.0	0.0	NA	NA	NA
training14b_10pct_sample_answers	5c9904eaecadf2e73f00002e	0.0	1.0	1.0	1.0	0.0	0.0	0.0	NA	NA	NA
training14b_10pct_sample_answers	5c9f79c3ecadf2e73f00003d	0.0	0.0	0.0	0.0	1.0	1.0	1.0	NA	NA	NA
training14b_10pct_sample_answers	5c9f7bb6ecadf2e73f00003e	0.0	0.0	0.0	0.0	0.0	0.0	0.0	0.0	NA	0.0
training14b_10pct_sample_answers	5c89773ed558e5f23200000a	0.0	0.0	1.0	0.5	0.0	0.0	0.0	NA	NA	NA
training14b_10pct_sample_answers	5e44c33a48dab47f26000020	1.0	0.0	0.0	0.0	0.0	0.0	0.0	1.0	NA	1.0
training14b_10pct_sample_answers	5e31b575fbd6abf43b00004c	0.0	0.0	0.0	0.0	0.0	0.0	0.0	NA	NA	NA
training14b_10pct_sample_answers	5e48bf5ed14c9f295d000019	0.0	0.0	0.0	0.0	0.0	0.0	0.0	NA	NA	NA
training14b_10pct_sample_answers	5e776c72835f4e477700000e	1.0	0.0	0.0	0.0	0.0	0.0	0.0	1.0	1.0	NA
training14b_10pct_sample_answers	5e4601293f54159529000002	0.0	1.0	1.0	1.0	0.0	0.0	0.0	NA	NA	NA
training14b_10pct_sample_answers	5e7f5b43835f4e4777000014	0.0	0.0	0.0	0.0	0.0	0.0	0.0	NA	NA	NA
training14b_10pct_sample_answers	5e44baaa48dab47f2600001a	0.0	0.0	0.0	0.0	1.0	1.0	1.0	NA	NA	NA
training14b_10pct_sample_answers	5e30b870fbd6abf43b000038	0.0	1.0	1.0	1.0	0.0	0.0	0.0	NA	NA	NA
training14b_10pct_sample_answers	5e6de3f21af46fc130000022	0.0	0.0	0.0	0.0	0.0	0.0	0.0	NA	NA	NA
training14b_10pct_sample_answers	5e4b52e36d0a27794100001b	0.0	0.0	0.0	0.0	0.5	0.5	0.5	NA	NA	NA
training14b_10pct_sample_answers	5e2d7ceefbd6abf43b00000b	1.0	0.0	0.0	0.0	0.0	0.0	0.0	1.0	1.0	NA
training14b_10pct_sample_answers	5e35d3c6158f994d3a000003	0.0	0.0	0.0	0.0	0.0	0.0	0.0	0.0	NA	0.0
training14b_10pct_sample_answers	5e47546d3f54159529000019	0.0	1.0	1.0	1.0	0.0	0.0	0.0	NA	NA	NA
training14b_10pct_sample_answers	5e4609b83f54159529000005	0.0	0.0	0.0	0.0	0.4	0.5	0.4444444444444445	NA	NA	NA
training14b_10pct_sample_answers	5d386ed6a1e1595105000004	0.0	0.0	0.0	0.0	0.0	0.0	0.0	NA	NA	NA
training14b_10pct_sample_answers	5e4b5f9a6d0a277941000021	1.0	0.0	0.0	0.0	0.0	0.0	0.0	1.0	NA	1.0
training14b_10pct_sample_answers	5e52c0c76d0a27794100004b	1.0	0.0	0.0	0.0	0.0	0.0	0.0	1.0	1.0	NA
training14b_10pct_sample_answers	5e6e8897c6a8763d23000003	0.0	0.0	0.0	0.0	0.2	0.5	0.28571428571428575	NA	NA	NA
training14b_10pct_sample_answers	5e7f64a5835f4e477700001e	1.0	0.0	0.0	0.0	0.0	0.0	0.0	1.0	1.0	NA
training14b_10pct_sample_answers	5e7f5d83835f4e4777000017	0.0	0.0	0.0	0.0	0.0	0.0	0.0	NA	NA	NA
training14b_10pct_sample_answers	5e2dfab2fbd6abf43b00001d	1.0	0.0	0.0	0.0	0.0	0.0	0.0	1.0	NA	1.0
training14b_10pct_sample_answers	5e30f417fbd6abf43b000043	1.0	0.0	0.0	0.0	0.0	0.0	0.0	1.0	1.0	NA
training14b_10pct_sample_answers	5e2f9e0dfbd6abf43b000034	0.0	0.0	0.0	0.0	1.0	1.0	1.0	NA	NA	NA
training14b_10pct_sample_answers	5cf4dec0a49efeb44c00000c	1.0	0.0	0.0	0.0	0.0	0.0	0.0	1.0	NA	1.0
training14b_10pct_sample_answers	5e31cc22fbd6abf43b000050	1.0	0.0	0.0	0.0	0.0	0.0	0.0	1.0	NA	1.0
training14b_10pct_sample_answers	5e3e843748dab47f26000007	1.0	0.0	0.0	0.0	0.0	0.0	0.0	1.0	NA	1.0
training14b_10pct_sample_answers	5e30ee25fbd6abf43b00003f	0.0	0.0	0.0	0.0	0.3333333333333333	1.0	0.5	NA	NA	NA
training14b_10pct_sample_answers	5e31d181fbd6abf43b000053	1.0	0.0	0.0	0.0	0.0	0.0	0.0	1.0	NA	1.0
training14b_10pct_sample_answers	5cd96f33a49efeb44c000004	0.0	0.0	0.0	0.0	0.0	0.0	0.0	NA	NA	NA
training14b_10pct_sample_answers	5e2906948b3851296d00000a	1.0	0.0	0.0	0.0	0.0	0.0	0.0	1.0	1.0	NA
training14b_10pct_sample_answers	5e482160d14c9f295d00000c	0.0	0.0	0.0	0.0	0.0	0.0	0.0	NA	NA	NA
training14b_10pct_sample_answers	5e36d807b5b409ea5300000a	1.0	0.0	0.0	0.0	0.0	0.0	0.0	1.0	NA	1.0
training14b_10pct_sample_answers	5e355e20fbd6abf43b000065	0.0	1.0	1.0	1.0	0.0	0.0	0.0	NA	NA	NA
training14b_10pct_sample_answers	5e46da9c3f5415952900000a	0.0	0.0	0.0	0.0	0.0	0.0	0.0	NA	NA	NA
training14b_10pct_sample_answers	5e2a046caa19d74431000008	0.0	0.0	0.0	0.0	0.0	0.0	0.0	NA	NA	NA
training14b_10pct_sample_answers	5e2dac4efbd6abf43b00000f	1.0	0.0	0.0	0.0	0.0	0.0	0.0	1.0	1.0	NA
training14b_10pct_sample_answers	5e2a080caa19d7443100000a	0.0	1.0	1.0	1.0	0.0	0.0	0.0	NA	NA	NA
training14b_10pct_sample_answers	5e2f9ceefbd6abf43b000033	0.0	0.0	0.0	0.0	0.6	0.75	0.6666666666666665	NA	NA	NA
training14b_10pct_sample_answers	5e48efd9f8b2df0d49000004	0.0	0.0	0.0	0.0	0.0	0.0	0.0	NA	NA	NA
training14b_10pct_sample_answers	5c7006037c78d6947100005d	0.0	0.0	0.0	0.0	0.0	0.0	0.0	NA	NA	NA
training14b_10pct_sample_answers	5e2a04feaa19d74431000009	1.0	0.0	0.0	0.0	0.0	0.0	0.0	1.0	NA	1.0
training14b_10pct_sample_answers	5e5015436d0a277941000037	0.0	0.0	0.0	0.0	0.6666666666666666	1.0	0.8	NA	NA	NA
training14b_10pct_sample_answers	5e55046fb761aafe09000004	0.0	0.0	0.0	0.0	0.6666666666666666	0.6666666666666666	0.6666666666666666	NA	NA	NA
training14b_10pct_sample_answers	5d35e421b3a638076300000d	0.0	0.0	0.0	0.0	0.0	0.0	0.0	NA	NA	NA
training14b_10pct_sample_answers	5e51dab06d0a27794100003d	1.0	0.0	0.0	0.0	0.0	0.0	0.0	1.0	NA	1.0
training14b_10pct_sample_answers	5e7641a0c6a8763d23000011	0.0	1.0	1.0	1.0	0.0	0.0	0.0	NA	NA	NA
training14b_10pct_sample_answers	601c18eb1cb411341a000010	0.0	0.0	0.0	0.0	0.14285714285714285	0.25	0.18181818181818182	NA	NA	NA
training14b_10pct_sample_answers	5e52c96b6d0a27794100004f	1.0	0.0	0.0	0.0	0.0	0.0	0.0	1.0	1.0	NA
training14b_10pct_sample_answers	60258edd1cb411341a0000a9	0.0	1.0	1.0	1.0	0.0	0.0	0.0	NA	NA	NA
training14b_10pct_sample_answers	602598301cb411341a0000b0	0.0	0.0	0.0	0.0	0.0	0.0	0.0	NA	NA	NA
training14b_10pct_sample_answers	5e9209792d3121100d00000b	0.0	0.0	0.0	0.0	0.0	0.0	0.0	NA	NA	NA
training14b_10pct_sample_answers	602593101cb411341a0000ab	0.0	0.0	0.0	0.0	0.0	0.0	0.0	NA	NA	NA
training14b_10pct_sample_answers	5fd0d880a43ad31278000002	0.0	0.0	0.0	0.0	0.0	0.0	0.0	NA	NA	NA
training14b_10pct_sample_answers	5e91ffc22d3121100d000002	0.0	0.0	0.0	0.0	0.7142857142857143	1.0	0.8333333333333333	NA	NA	NA
training14b_10pct_sample_answers	602599251cb411341a0000b1	1.0	0.0	0.0	0.0	0.0	0.0	0.0	1.0	NA	1.0
training14b_10pct_sample_answers	6053bd5194d57fd879000018	0.0	0.0	0.0	0.0	0.0	0.0	0.0	NA	NA	NA
training14b_10pct_sample_answers	6060e1a094d57fd879000049	1.0	0.0	0.0	0.0	0.0	0.0	0.0	1.0	1.0	NA
training14b_10pct_sample_answers	6025fd261cb411341a0000bf	1.0	0.0	0.0	0.0	0.0	0.0	0.0	1.0	NA	1.0
training14b_10pct_sample_answers	6026ef311cb411341a0000d4	0.0	1.0	1.0	1.0	0.0	0.0	0.0	NA	NA	NA
training14b_10pct_sample_answers	6032a8b91cb411341a000149	0.0	1.0	1.0	1.0	0.0	0.0	0.0	NA	NA	NA
training14b_10pct_sample_answers	60314c361cb411341a00012e	0.0	0.0	0.0	0.0	0.0	0.0	0.0	NA	NA	NA
training14b_10pct_sample_answers	603285861cb411341a000141	1.0	0.0	0.0	0.0	0.0	0.0	0.0	1.0	1.0	NA
training14b_10pct_sample_answers	604b6a941cb411341a00016f	0.0	0.0	0.0	0.0	0.3333333333333333	0.16666666666666666	0.2222222222222222	NA	NA	NA
training14b_10pct_sample_answers	605281cf94d57fd879000015	0.0	0.0	0.0	0.0	0.0	0.0	0.0	NA	NA	NA
training14b_10pct_sample_answers	601c44ab1cb411341a00001c	1.0	0.0	0.0	0.0	0.0	0.0	0.0	1.0	1.0	NA
training14b_10pct_sample_answers	5fdb43aea43ad3127800002b	0.0	1.0	1.0	1.0	0.0	0.0	0.0	NA	NA	NA
training14b_10pct_sample_answers	601db8111cb411341a00004b	0.0	0.0	0.0	0.0	0.0	0.0	0.0	NA	NA	NA
training14b_10pct_sample_answers	603281cb1cb411341a000140	0.0	0.0	0.0	0.0	0.6	0.75	0.6666666666666665	NA	NA	NA
training14b_10pct_sample_answers	6080646c4e6a4cf630000004	0.0	0.0	0.0	0.0	0.0	0.0	0.0	NA	NA	NA
training14b_10pct_sample_answers	601d72181cb411341a000034	0.0	0.0	0.0	0.0	0.6666666666666666	0.6666666666666666	0.6666666666666666	NA	NA	NA
training14b_10pct_sample_answers	6023598a1cb411341a00009b	0.0	0.0	0.0	0.0	1.0	0.5	0.6666666666666666	NA	NA	NA
training14b_10pct_sample_answers	6060e03394d57fd879000048	0.0	0.0	0.0	0.0	0.0	0.0	0.0	0.0	NA	0.0
training14b_10pct_sample_answers	602c17d41cb411341a000118	0.0	0.0	0.0	0.0	0.0	0.0	0.0	NA	NA	NA
training14b_10pct_sample_answers	601c3f041cb411341a000018	1.0	0.0	0.0	0.0	0.0	0.0	0.0	1.0	1.0	NA
training14b_10pct_sample_answers	606b800994d57fd879000071	0.0	0.0	0.0	0.0	0.0	0.0	0.0	NA	NA	NA
training14b_10pct_sample_answers	6060701c94d57fd87900003c	0.0	0.0	0.0	0.0	0.0	0.0	0.0	NA	NA	NA
training14b_10pct_sample_answers	5fd779b4a43ad31278000004	0.0	1.0	1.0	1.0	0.0	0.0	0.0	NA	NA	NA
training14b_10pct_sample_answers	606b396994d57fd879000063	0.0	1.0	1.0	1.0	0.0	0.0	0.0	NA	NA	NA
training14b_10pct_sample_answers	60311f691cb411341a00012a	0.0	0.0	0.0	0.0	1.0	1.0	1.0	NA	NA	NA
training14b_10pct_sample_answers	5fe31307a43ad3127800003d	0.0	0.0	0.0	0.0	0.0	0.0	0.0	NA	NA	NA
training14b_10pct_sample_answers	606b7e5694d57fd879000070	0.0	1.0	1.0	1.0	0.0	0.0	0.0	NA	NA	NA
training14b_10pct_sample_answers	61f95f9f882a024a1000004e	0.0	1.0	1.0	1.0	0.0	0.0	0.0	NA	NA	NA
training14b_10pct_sample_answers	621b78e63a8413c65300003f	0.0	0.0	0.0	0.0	0.0	0.0	0.0	NA	NA	NA
training14b_10pct_sample_answers	606bfeb494d57fd879000074	0.0	0.0	0.0	0.0	0.0	0.0	0.0	NA	NA	NA
training14b_10pct_sample_answers	61f810a5882a024a1000003e	0.0	0.0	0.0	0.0	0.0	0.0	0.0	NA	NA	NA
training14b_10pct_sample_answers	6027446d1cb411341a0000dd	0.0	0.0	0.0	0.0	0.0	0.0	0.0	0.0	NA	0.0
training14b_10pct_sample_answers	606b32af94d57fd879000060	0.0	0.0	0.0	0.0	0.0	0.0	0.0	NA	NA	NA
training14b_10pct_sample_answers	61f52f22882a024a10000002	0.0	1.0	1.0	1.0	0.0	0.0	0.0	NA	NA	NA
training14b_10pct_sample_answers	6206bf3cc9dfcb9c0900003d	0.0	1.0	1.0	1.0	0.0	0.0	0.0	NA	NA	NA
training14b_10pct_sample_answers	6217d8f03a8413c653000021	0.0	0.0	0.0	0.0	0.0	0.0	0.0	NA	NA	NA
training14b_10pct_sample_answers	602c2ade1cb411341a000124	1.0	0.0	0.0	0.0	0.0	0.0	0.0	1.0	1.0	NA
training14b_10pct_sample_answers	601ec0c91cb411341a00005f	0.0	0.0	0.0	0.0	0.45454545454545453	0.625	0.5263157894736842	NA	NA	NA
training14b_10pct_sample_answers	6217dccc3a8413c65300002e	0.0	0.0	0.0	0.0	0.0	0.0	0.0	NA	NA	NA
training14b_10pct_sample_answers	624c919ee764a53204000004	0.0	0.0	0.0	0.0	0.0	0.0	0.0	NA	NA	NA
training14b_10pct_sample_answers	626aed2fe764a53204000043	0.0	0.0	0.0	0.0	0.0	0.0	0.0	NA	NA	NA
training14b_10pct_sample_answers	62015485c9dfcb9c09000023	1.0	0.0	0.0	0.0	0.0	0.0	0.0	1.0	1.0	NA
training14b_10pct_sample_answers	6201a85cc9dfcb9c0900002a	1.0	0.0	0.0	0.0	0.0	0.0	0.0	1.0	NA	1.0
training14b_10pct_sample_answers	61f7c9ac882a024a10000028	0.0	1.0	1.0	1.0	0.0	0.0	0.0	NA	NA	NA
training14b_10pct_sample_answers	62507ca3e764a5320400000f	1.0	0.0	0.0	0.0	0.0	0.0	0.0	1.0	1.0	NA
training14b_10pct_sample_answers	6250a917e764a53204000013	0.0	0.0	0.0	0.0	1.0	1.0	1.0	NA	NA	NA
training14b_10pct_sample_answers	61f608d4882a024a10000023	1.0	0.0	0.0	0.0	0.0	0.0	0.0	1.0	1.0	NA
training14b_10pct_sample_answers	61f938e7882a024a10000049	1.0	0.0	0.0	0.0	0.0	0.0	0.0	1.0	NA	1.0
training14b_10pct_sample_answers	6278dd6156bf9aee6f000012	0.0	0.0	0.0	0.0	0.0	0.0	0.0	NA	NA	NA
training14b_10pct_sample_answers	621e2b7a54ca071a71a3bf9c	0.0	0.0	0.0	0.0	0.0	0.0	0.0	NA	NA	NA
training14b_10pct_sample_answers	6279392856bf9aee6f00001d	0.0	0.0	0.0	0.0	0.06666666666666667	0.3333333333333333	0.1111111111111111	NA	NA	NA
training14b_10pct_sample_answers	6278dc0c56bf9aee6f000010	0.0	0.0	0.0	0.0	0.5555555555555556	0.11904761904761904	0.196078431372549	NA	NA	NA
training14b_10pct_sample_answers	61f58de2882a024a1000000a	0.0	0.0	0.0	0.0	0.0	0.0	0.0	NA	NA	NA
training14b_10pct_sample_answers	62211c853a8413c65300006d	1.0	0.0	0.0	0.0	0.0	0.0	0.0	1.0	1.0	NA
training14b_10pct_sample_answers	6206c22ac9dfcb9c0900003e	0.0	0.0	0.0	0.0	0.0	0.0	0.0	NA	NA	NA
training14b_10pct_sample_answers	62190ca03a8413c653000035	0.0	1.0	1.0	1.0	0.0	0.0	0.0	NA	NA	NA
training14b_10pct_sample_answers	5fe1fc84a43ad31278000036	0.0	1.0	1.0	1.0	0.0	0.0	0.0	NA	NA	NA
training14b_10pct_sample_answers	5fdb4100a43ad31278000015	1.0	0.0	0.0	0.0	0.0	0.0	0.0	1.0	1.0	NA
training14b_10pct_sample_answers	6024a6871cb411341a0000a4	0.0	0.0	0.0	0.0	0.0	0.0	0.0	NA	NA	NA
training14b_10pct_sample_answers	622d1ed13a8413c6530000a3	0.0	0.0	0.0	0.0	0.0	0.0	0.0	NA	NA	NA
training14b_10pct_sample_answers	623a24d6f0baec9a1b000002	1.0	0.0	0.0	0.0	0.0	0.0	0.0	1.0	NA	1.0
training14b_10pct_sample_answers	622dfb133a8413c6530000a8	0.0	0.0	0.0	0.0	0.0	0.0	0.0	NA	NA	NA
training14b_10pct_sample_answers	622901d23a8413c65300008c	1.0	0.0	0.0	0.0	0.0	0.0	0.0	1.0	NA	1.0
training14b_10pct_sample_answers	623345bf3a8413c6530000ab	0.0	1.0	1.0	1.0	0.0	0.0	0.0	NA	NA	NA
training14b_10pct_sample_answers	643d41e757b1c7a315000037	0.0	0.0	0.0	0.0	0.5	0.3333333333333333	0.4	NA	NA	NA
training14b_10pct_sample_answers	6441302d57b1c7a315000056	0.0	0.0	0.0	0.0	0.0	0.0	0.0	0.0	NA	0.0
training14b_10pct_sample_answers	63f02b50f36125a426000014	1.0	0.0	0.0	0.0	0.0	0.0	0.0	1.0	1.0	NA
training14b_10pct_sample_answers	6440092d57b1c7a315000040	1.0	0.0	0.0	0.0	0.0	0.0	0.0	1.0	1.0	NA
training14b_10pct_sample_answers	63f741a633942b094c000009	0.0	0.0	0.0	0.0	0.5	0.5	0.5	NA	NA	NA
training14b_10pct_sample_answers	64371a4257b1c7a315000029	0.0	1.0	1.0	1.0	0.0	0.0	0.0	NA	NA	NA
training14b_10pct_sample_answers	6429eb8457b1c7a31500000a	1.0	0.0	0.0	0.0	0.0	0.0	0.0	1.0	1.0	NA
training14b_10pct_sample_answers	641c5201690f196b51000040	0.0	0.0	0.0	0.0	0.6	0.1875	0.2857142857142857	NA	NA	NA
training14b_10pct_sample_answers	643c183b57b1c7a31500002c	0.0	0.0	0.0	0.0	1.0	0.75	0.8571428571428571	NA	NA	NA
training14b_10pct_sample_answers	6431f7de57b1c7a31500001b	0.0	1.0	1.0	1.0	0.0	0.0	0.0	NA	NA	NA
training14b_10pct_sample_answers	6402c0d5201352f04a000008	1.0	0.0	0.0	0.0	0.0	0.0	0.0	1.0	NA	1.0
training14b_10pct_sample_answers	63f03c47f36125a42600001e	0.0	1.0	1.0	1.0	0.0	0.0	0.0	NA	NA	NA
training14b_10pct_sample_answers	642c82c557b1c7a315000012	0.0	1.0	1.0	1.0	0.0	0.0	0.0	NA	NA	NA
training14b_10pct_sample_answers	6432f75757b1c7a31500001d	1.0	0.0	0.0	0.0	0.0	0.0	0.0	1.0	NA	1.0
training14b_10pct_sample_answers	63eeec79f36125a426000006	0.0	1.0	1.0	1.0	0.0	0.0	0.0	NA	NA	NA
training14b_10pct_sample_answers	61fa941ec9dfcb9c09000005	1.0	0.0	0.0	0.0	0.0	0.0	0.0	1.0	NA	1.0
training14b_10pct_sample_answers	6440306357b1c7a315000046	0.0	0.0	0.0	0.0	1.0	1.0	1.0	NA	NA	NA
training14b_10pct_sample_answers	644e81fa57b1c7a315000079	0.0	1.0	1.0	1.0	0.0	0.0	0.0	NA	NA	NA
training14b_10pct_sample_answers	640418af201352f04a000018	1.0	0.0	0.0	0.0	0.0	0.0	0.0	1.0	NA	1.0
training14b_10pct_sample_answers	644298cc57b1c7a315000062	0.0	0.0	0.0	0.0	0.0	0.0	0.0	NA	NA	NA
training14b_10pct_sample_answers	6446caac57b1c7a315000074	0.0	0.0	0.0	0.0	0.8	0.5714285714285714	0.6666666666666666	NA	NA	NA
training14b_10pct_sample_answers	6415c53e690f196b51000012	0.0	1.0	1.0	1.0	0.0	0.0	0.0	NA	NA	NA
training14b_10pct_sample_answers	63f02a82f36125a426000013	1.0	0.0	0.0	0.0	0.0	0.0	0.0	1.0	1.0	NA
training14b_10pct_sample_answers	640c8309201352f04a000024	0.0	0.0	0.0	0.0	0.2	0.2	0.20000000000000004	NA	NA	NA
training14b_10pct_sample_answers	6415c599690f196b51000013	0.0	0.0	0.0	0.0	0.0	0.0	0.0	NA	NA	NA
training14b_10pct_sample_answers	63f56f7533942b094c000002	0.0	1.0	1.0	1.0	0.0	0.0	0.0	NA	NA	NA
training14b_10pct_sample_answers	65f1d234c4010b4d78000005	0.0	0.0	0.0	0.0	0.6666666666666666	0.16666666666666666	0.26666666666666666	NA	NA	NA
training14b_10pct_sample_answers	65f8447fc4010b4d78000043	0.0	0.0	0.0	0.0	0.0	0.0	0.0	NA	NA	NA
training14b_10pct_sample_answers	644108b157b1c7a315000053	0.0	0.0	0.0	0.0	0.0	0.0	0.0	NA	NA	NA
training14b_10pct_sample_answers	65f70b9cc4010b4d7800001c	0.0	0.0	0.0	0.0	0.0	0.0	0.0	NA	NA	NA
training14b_10pct_sample_answers	65f86f03c4010b4d7800005b	1.0	0.0	0.0	0.0	0.0	0.0	0.0	1.0	1.0	NA
training14b_10pct_sample_answers	65d126471930410b1300002b	1.0	0.0	0.0	0.0	0.0	0.0	0.0	1.0	1.0	NA
training14b_10pct_sample_answers	661688cefdcbea915f000053	0.0	0.0	0.0	0.0	0.5	0.4	0.4444444444444445	NA	NA	NA
training14b_10pct_sample_answers	65d36e761930410b13000044	0.0	0.0	0.0	0.0	0.0	0.0	0.0	NA	NA	NA
training14b_10pct_sample_answers	662fc122187cba990d000012	1.0	0.0	0.0	0.0	0.0	0.0	0.0	1.0	1.0	NA
training14b_10pct_sample_answers	66302487187cba990d000031	0.0	0.0	0.0	0.0	0.0	0.0	0.0	NA	NA	NA
training14b_10pct_sample_answers	66151045fdcbea915f000048	0.0	0.0	0.0	0.0	0.0	0.0	0.0	NA	NA	NA
training14b_10pct_sample_answers	662cfd21187cba990d000009	0.0	0.0	0.0	0.0	0.0	0.0	0.0	NA	NA	NA
training14b_10pct_sample_answers	661686e4fdcbea915f000052	0.0	0.0	0.0	0.0	0.2	0.125	0.15384615384615385	NA	NA	NA
training14b_10pct_sample_answers	662e44e9187cba990d00000b	1.0	0.0	0.0	0.0	0.0	0.0	0.0	1.0	NA	1.0
training14b_10pct_sample_answers	65d1350f1930410b13000038	1.0	0.0	0.0	0.0	0.0	0.0	0.0	1.0	NA	1.0
training14b_10pct_sample_answers	65cfdc561930410b13000026	0.0	0.0	0.0	0.0	0.6666666666666666	1.0	0.8	NA	NA	NA
training14b_10pct_sample_answers	660c0a85fdcbea915f000030	0.0	0.0	0.0	0.0	0.6	0.5	0.5454545454545454	NA	NA	NA
training14b_10pct_sample_answers	65cfd3961930410b1300001f	0.0	0.0	0.0	0.0	0.0	0.0	0.0	NA	NA	NA
training14b_10pct_sample_answers	65cfdaae1930410b13000025	0.0	0.0	0.0	0.0	0.0	0.0	0.0	NA	NA	NA
training14b_10pct_sample_answers	65f7778fc4010b4d78000031	0.0	0.0	0.0	0.0	0.0	0.0	0.0	0.0	0.0	NA
training14b_10pct_sample_answers	65d375011930410b1300004a	0.0	0.0	0.0	0.0	1.0	1.0	1.0	NA	NA	NA
training14b_10pct_sample_answers	660998d1fdcbea915f000013	0.0	0.0	0.0	0.0	0.25	0.25	0.25	NA	NA	NA
training14b_10pct_sample_answers	660bbc09fdcbea915f00002a	0.0	0.0	0.0	0.0	0.3	0.375	0.33333333333333326	NA	NA	NA
training14b_10pct_sample_answers	661d96c9eac11fad33000028	0.0	1.0	1.0	1.0	0.0	0.0	0.0	NA	NA	NA
training14b_10pct_sample_answers	66099c30fdcbea915f000024	0.0	0.0	0.0	0.0	0.6666666666666666	0.4	0.5	NA	NA	NA
training14b_10pct_sample_answers	65f77618c4010b4d7800002e	0.0	0.0	0.0	0.0	0.0	0.0	0.0	NA	NA	NA
training14b_10pct_sample_answers	661d6473eac11fad33000027	0.0	0.0	0.0	0.0	0.0	0.0	0.0	NA	NA	NA
training14b_10pct_sample_answers	66165f2afdcbea915f000051	0.0	1.0	1.0	1.0	0.0	0.0	0.0	NA	NA	NA
training14b_10pct_sample_answers	661d51fdeac11fad3300001d	0.0	0.0	0.0	0.0	0.42857142857142855	0.3333333333333333	0.375	NA	NA	NA
training14b_10pct_sample_answers	65cf96ce1930410b1300000a	1.0	0.0	0.0	0.0	0.0	0.0	0.0	1.0	1.0	NA
training14b_10pct_sample_answers	65cfa8f81930410b13000010	0.0	0.0	0.0	0.0	0.0	0.0	0.0	NA	NA	NA
training14b_10pct_sample_answers	65f7789dc4010b4d78000034	0.0	0.0	0.0	0.0	0.0	0.0	0.0	NA	NA	NA
